freq_parameter,F_x1e4,lower_neutral_R_L,upper_neutral_R_L,peak_growth_R_L,peak_sigma_L,peak_wavelength_L,N_signed_peak,amplification_signed_peak,frequency_khz,F_times_1e4,x_mm,L_star_m,L_star_mm,sigma_per_m,sigma_per_mm,alpha_r_per_m,alpha_r_per_mm,alpha_i_per_m,alpha_i_per_mm,wavelength_mm,phase_speed_m_per_s,lower_neutral_x_mm,upper_neutral_x_mm,peak_growth_x_mm,peak_wavelength_mm
6.25625e-05,0.625625,1139.7086777344527,3031.8746353531255,2778.0155772163566,0.0037231649515906775,33.59158573994754,4.572622656284232,96.79764411043358,100.00006836087988,0.625625,nan,nan,nan,nan,nan,nan,nan,nan,nan,nan,nan,110.84151713027782,784.3993605868296,658.5429499660263,7.963059008253679
6.64726e-05,0.6647259999999999,1104.1091187575691,2870.9176104258,2600.014549961881,0.0037083066946898943,33.80418846818482,4.260189019194923,70.82336916537996,106.2499827232835,0.6647259999999999,nan,nan,nan,nan,nan,nan,nan,nan,nan,nan,nan,104.02524442242711,703.3252513624607,576.8545309414072,7.499996214619481
7.03828e-05,0.7038280000000001,1050.7460680285412,2727.819089630416,2457.613728158301,0.0036941399515140723,33.75703589080306,3.997695419939,54.472469101719874,112.50005692595624,0.7038280000000001,nan,nan,nan,nan,nan,nan,nan,nan,nan,nan,nan,94.21288402658713,634.9592877106788,515.3971350869716,7.079338542019776
7.42929e-05,0.742929,1015.1616382761057,2585.5055094965755,2333.013009080168,0.0036802512862073966,33.66243806907765,3.7401847714714633,42.10576939125274,118.74997128835984,0.742929,nan,nan,nan,nan,nan,nan,nan,nan,nan,nan,nan,87.93973394765428,570.4343722633191,464.4608070015085,6.701584213354403
7.82031e-05,0.782031,979.5834772999432,2477.8217515910546,2226.212392727483,0.0036618283214271507,33.473490171381165,3.5441013797338843,34.60857140090331,125.0000454910326,0.782031,nan,nan,nan,nan,nan,nan,nan,nan,nan,nan,nan,81.88373686056055,523.9078112791857,422.9099893701509,6.358905115615162
8.21132e-05,0.8211320000000001,961.7802765503,2353.648600091032,2119.4117763747977,0.0036463791933729443,33.47731733406772,3.326493879780727,27.840558039308647,131.24995985343622,0.8211320000000001,nan,nan,nan,nan,nan,nan,nan,nan,nan,nan,nan,78.93443138321176,472.71349184727785,383.305841421423,6.054534296877282
8.60234e-05,0.860234,926.2129442296672,2264.0181538567385,2012.6111600221125,0.0036300693153855364,33.672329628650516,3.172499469950594,23.867064877018873,137.50003405610892,0.860234,nan,nan,nan,nan,nan,nan,nan,nan,nan,nan,nan,73.20427499722823,437.3957524371166,345.6483631553247,5.782928094089332
8.99335e-05,0.899335,890.650447219776,2174.7740587080875,1923.6106463948747,0.003612252387541351,33.692266727488814,3.0245507174452353,20.584754262334798,143.74994841851253,0.899335,nan,nan,nan,nan,nan,nan,nan,nan,nan,nan,nan,67.69075095120269,403.59245572485435,315.75417060780717,5.530471437332337
9.38437e-05,0.938437,872.8602292890903,2102.991446235271,1852.4102354930847,0.0035981463607396838,33.490476136801,2.891571790532025,18.021613553336408,150.00002262118528,0.938437,nan,nan,nan,nan,nan,nan,nan,nan,nan,nan,nan,65.01359227331358,377.38945760502725,292.812151411108,5.2938696739541315
9.77538e-05,0.977538,837.3061350421642,2014.2857904411042,1781.2098245912946,0.003579941216600061,33.416966605835256,2.7590121530107554,15.784242827508184,156.2499369835889,0.977538,nan,nan,nan,nan,nan,nan,nan,nan,nan,nan,nan,59.825081399272264,346.2238087149934,270.73531874002197,5.079218057553316
0.000101664,1.01664,819.5227672991257,1960.199900289132,1710.0094136895043,0.0035649557242401694,33.46919070599596,2.6526977055725207,14.192273624472907,162.50001118626162,1.01664,nan,nan,nan,nan,nan,nan,nan,nan,nan,nan,nan,57.31084318608383,327.88041570386156,249.52367259454914,4.883806671981201
0.0001055741,1.055741,801.7421607601184,1889.0730009901968,1638.8090027877142,0.003546133651230673,33.64742701582215,2.5395132963185176,12.673501229832008,168.74992554866523,1.055741,nan,nan,nan,nan,nan,nan,nan,nan,nan,nan,nan,54.850955314873275,304.5174844906849,229.17721297468947,4.705382710333012
0.0001094843,1.094843,783.9641431566802,1835.3578700879575,1585.4086946113716,0.003532311006729711,33.51152420065918,2.442181498519684,11.4980964837859,174.99999975133798,1.094843,nan,nan,nan,nan,nan,nan,nan,nan,nan,nan,nan,52.4453696000601,287.4459992192717,214.4851469172284,4.533672746988784
0.0001133945,1.133945,748.4235733311156,1781.7819902453884,1532.008386435029,0.003515696750720948,33.47056973579908,2.3564430545082713,10.553346933670925,181.2500739540107,1.133945,nan,nan,nan,nan,nan,nan,nan,nan,nan,nan,nan,47.79799371465408,270.90927952576993,200.27974828042477,4.375613959325105
0.0001173046,1.173046,730.6507698844486,1728.3164036454143,1478.6080782586864,0.0034992328529209393,33.52334514302868,2.26826820548086,9.662652587224017,187.4999883164143,1.173046,nan,nan,nan,nan,nan,nan,nan,nan,nan,nan,nan,45.55483143648668,254.89496410485535,186.5610170642785,4.229754630209785
0.0001212148,1.212148,712.8801117327197,1674.9406169722454,1425.2077700823438,0.003478175715697454,33.67003204521822,2.1847020916639006,8.888000349534577,193.750062519087,1.212148,nan,nan,nan,nan,nan,nan,nan,nan,nan,nan,nan,43.36583858503796,239.39417564426554,173.32895326878966,4.094835527445304
0.0001251249,1.251249,695.1115078416905,1638.9958334248267,1389.607564631449,0.003465584135852037,33.41217287900385,2.109870630511102,8.247174282887583,199.99997688149068,1.251249,nan,nan,nan,nan,nan,nan,nan,nan,nan,nan,nan,41.23098484184557,229.22947015085845,164.7779481943846,3.961974180227285
0.0001290351,1.290351,677.3448971744112,1600.3928965472032,1336.2072564551063,0.0034412393584317674,33.7295091275517,2.036852575581036,7.666441640422433,206.25005108416343,1.290351,nan,nan,nan,nan,nan,nan,nan,nan,nan,nan,nan,39.15024446257207,218.55864103535586,152.35699676665814,3.845905407459533
0.0001329452,1.3294519999999999,659.5802550013052,1556.78607814659,1300.6070510042111,0.0034309242065089325,33.61131262939481,1.9672903342217944,7.1512726524869334,212.499965446567,1.3294519999999999,nan,nan,nan,nan,nan,nan,nan,nan,nan,nan,nan,37.12359653227097,206.8105215556714,144.34673327076126,3.730322064031093
0.0001368554,1.3685539999999998,659.5776114180766,1515.188531761642,1265.0068455533162,0.003415898329323132,33.55618682539363,1.8971245253037505,6.666696936187846,218.7500396492397,1.3685539999999998,nan,nan,nan,nan,nan,nan,nan,nan,nan,nan,nan,37.12329895174225,195.9061638884104,136.55276640626772,3.6222650945804147
0.0001407655,1.407655,641.8154983893796,1475.9320749547257,1229.406640102421,0.0033990425486326884,33.56328491537866,1.8348479074552484,6.264181337699639,224.99995401164335,1.407655,nan,nan,nan,nan,nan,nan,nan,nan,nan,nan,nan,35.15079499116854,185.88634722863043,128.97509617317746,3.5210708634923966
0.0001446757,1.446757,624.0552256711636,1438.5688288528204,1193.8064346515262,0.0033799717687429676,33.632307891332275,1.775331298354172,5.902236213587689,231.25002821431607,1.446757,nan,nan,nan,nan,nan,nan,nan,nan,nan,nan,nan,33.23233062123211,176.5940402988615,121.6137225714905,3.426141828871408
0.0001485858,1.485858,606.2969032829216,1402.9242228614698,1158.206229200631,0.0033551986789626268,33.76372129049676,1.718243933999576,5.574730269367958,237.4999425767197,1.485858,nan,nan,nan,nan,nan,nan,nan,nan,nan,nan,nan,31.367900491790625,167.95122626655586,114.46864560120682,3.3369596442658205
0.000152496,1.52496,606.2970698443033,1368.87060139323,1140.4061264751836,0.0033474577694613847,33.356143229986834,1.661488188694962,5.267143518191566,243.75001677939244,1.52496,nan,nan,nan,nan,nan,nan,nan,nan,nan,nan,nan,31.367917726520144,159.89671607843525,110.97721835284125,3.246012016863231
0.0001545293,1.545293,588.5405288548276,1351.7684187275102,1122.6060237497359,0.0033405456500891465,33.44726479497685,1.6348585407480798,5.128732439055799,247.00004897117148,1.545293,nan,nan,nan,nan,nan,nan,nan,nan,nan,nan,nan,29.557486632063224,155.9262890851404,107.53986526232643,3.20407540432638
0.0001564061,1.564061,588.5407850331076,1336.2533286368641,1104.8059210242884,0.0033306865676075168,33.59312435780753,1.6092680952660188,4.9991509862501875,249.99993114179605,1.564061,nan,nan,nan,nan,nan,nan,nan,nan,nan,nan,nan,29.55751236346952,152.3675034305418,104.15658632966249,3.167022452244937
0.0001603163,1.603163,570.7866390356482,1305.3471090060132,1087.005818298841,0.003309058363591942,33.26636010354654,1.5586742735467642,4.7525165300141685,256.2500053444688,1.603163,nan,nan,nan,nan,nan,nan,nan,nan,nan,nan,nan,27.801123609529572,145.40079289853531,100.82738155484938,3.085687239789158
0.0001642265,1.6422649999999999,565.2569830042961,1275.6411304780008,1051.4056128479458,0.0032958620418285667,33.60884500992255,1.509708535767498,4.525411606454922,262.5000795471415,1.6422649999999999,nan,nan,nan,nan,nan,nan,nan,nan,nan,nan,nan,27.265070429815943,138.85827921026225,94.33119447877559,3.0153562584191067
0.0001681366,1.6813660000000001,566.1845507208322,1246.904689791745,1033.6055101224983,0.0032785928005035813,33.35827958331128,1.4629551664330034,4.318703175930835,268.74999390954514,1.6813660000000001,nan,nan,nan,nan,nan,nan,nan,nan,nan,nan,nan,27.354625977343222,132.67260859475442,91.16421217751494,2.9422069135926323
0.0001720468,1.720468,567.7842463082088,1219.7368818461011,998.0053046716032,0.003249321511216186,33.809813099387085,1.4183685081284652,4.130376264911137,275.00006811221783,1.720468,nan,nan,nan,nan,nan,nan,nan,nan,nan,nan,nan,27.509419649379513,126.95419719512726,84.99247004854608,2.8793228991324433
0.0001751749,1.751749,569.5698382835744,1198.5595286079572,980.2052019461557,0.0032359566003921343,33.8039595757703,1.384199441632392,3.991629093299234,280.0000315701946,1.751749,nan,nan,nan,nan,nan,nan,nan,nan,nan,nan,nan,27.682717297435516,122.58405102299415,81.98771022083791,2.827478610103742
0.0001759569,1.759569,570.0881223448841,1193.2381652620513,980.2052019461557,0.0032427347899945677,33.63339113493336,1.3758679460824603,3.958511006438933,281.24998247462145,1.759569,nan,nan,nan,nan,nan,nan,nan,nan,nan,nan,nan,27.7331203840925,121.49797029316805,81.98771022083791,2.8132116832680207
0.0001798671,1.7986710000000001,573.430353568302,1168.1541272868826,962.4050992207083,0.0032277989884926064,33.48953638044796,1.3353589824935388,3.8013603233186113,287.5000566772942,1.7986710000000001,nan,nan,nan,nan,nan,nan,nan,nan,nan,nan,nan,28.059253146877836,116.44344536822787,79.03702455098056,2.7503109774103613
0.0001837772,1.837772,577.661136262246,1143.717817101453,944.6049964952606,0.003208199041918823,33.3774287229157,1.296775262296627,3.6574832062048084,293.7499710396978,1.837772,nan,nan,nan,nan,nan,nan,nan,nan,nan,nan,nan,28.474824223890106,111.62270041331158,76.14041303897399,2.6904062741261043
0.0001876874,1.876874,582.5929995753379,1120.2615114944788,926.8048937698131,0.003186762704748604,33.296302454906716,1.2600708764409703,3.5256713655484604,300.00004524237056,1.876874,nan,nan,nan,nan,nan,nan,nan,nan,nan,nan,nan,28.96311543601621,107.09114995677707,73.2978756848183,2.6332923515076008
0.0001915975,1.9159750000000002,588.0412838070469,1097.7924109198275,909.0047910443657,0.0031655070275407116,33.24563021410033,1.2251532024316296,3.4046876492639795,306.2499596047741,1.9159750000000002,nan,nan,nan,nan,nan,nan,nan,nan,nan,nan,nan,29.507362063448184,102.83837365065662,70.50941248851343,2.578787127748126
0.0001955077,1.955077,593.9906538930393,1075.9919299156268,891.204688318918,0.0031456721422689514,33.22497178181426,1.1919608612267525,3.2935330409797707,312.5000338074469,1.955077,nan,nan,nan,nan,nan,nan,nan,nan,nan,nan,nan,30.107450071406138,98.79450274107488,67.77502345005932,2.526718352309885
0.0001994178,1.994178,599.3284074770265,1054.8790133250386,873.4045855934705,0.0031277765316057504,33.234138846765234,1.160414430433072,3.191255555522764,318.7499481698505,1.994178,nan,nan,nan,nan,nan,nan,nan,nan,nan,nan,nan,30.650987993995823,94.9554848964659,65.09470856945612,2.4769352239169145
0.000203328,2.03328,603.2984888482571,1034.456926584741,855.6044828680231,0.0031116425172754776,33.273042022335545,1.1303936557193097,3.0968753629014154,325.00002237252323,2.03328,nan,nan,nan,nan,nan,nan,nan,nan,nan,nan,nan,31.058410552934852,91.31446423955954,62.46846784670371,2.4292953079991055
0.0002072381,2.072381,605.298409123919,1014.8442526950649,837.8043801425754,0.0030964438299990607,33.34184047190764,1.1017539685259674,3.0094398603186816,331.2499367349269,2.072381,nan,nan,nan,nan,nan,nan,nan,nan,nan,nan,nan,31.264667654319233,87.88475464305556,59.896301281802096,2.3836744824075864
0.0002111483,2.1114829999999998,605.0432320685879,995.9262199958332,820.0042774171279,0.003080720091068859,33.44078788691253,1.074338221522618,2.928054535748037,337.5000109375996,2.1114829999999998,nan,nan,nan,nan,nan,nan,nan,nan,nan,nan,nan,31.238312573749813,84.63871946199131,57.378208874751344,2.3399542723793147
0.0002150584,2.150584,602.6870922294273,977.592331955129,802.2041746916805,0.003062410241416636,33.57036961758514,1.0480129365921924,2.851978421964117,343.74992530000316,2.150584,nan,nan,nan,nan,nan,nan,nan,nan,nan,nan,nan,30.995491829947998,81.55119405728095,54.914190625551406,2.298030519797304
0.0002189686,2.189686,598.7702491417864,959.8199689043678,784.4040719662329,0.003038864862842818,33.73114714081443,1.0226673016735426,2.7806015847206615,349.99999950267596,2.189686,nan,nan,nan,nan,nan,nan,nan,nan,nan,nan,nan,30.59392366073231,78.61298982042642,52.504246534202274,2.2578012132489444
0.0002228788,2.228788,594.0231242128865,942.5815760636206,766.6039692407853,0.0030068730248410938,33.923866087111804,0.9982133842845983,2.7134296392148887,356.25007370534865,2.228788,nan,nan,nan,nan,nan,nan,nan,nan,nan,nan,nan,30.110741790719434,75.81456454329492,50.148376600703976,2.2191729765933266
0.0002267889,2.267889,589.1452383039757,925.8434743188582,766.6039692407853,0.0029970069491945753,33.27066151349117,0.9745635770518071,2.65001043321278,362.49998806775227,2.267889,nan,nan,nan,nan,nan,nan,nan,nan,nan,nan,nan,29.61825686945419,73.14588371131327,50.148376600703976,2.1764427661201524
0.0002306991,2.306991,582.4997138167914,909.648985097893,748.8038665153379,0.002986261970810143,33.50326547201836,0.9516495667252154,2.589978479815067,368.75006227042496,2.306991,nan,nan,nan,nan,nan,nan,nan,nan,nan,nan,nan,28.953840934320382,70.60938520470759,47.84658082505651,2.1407697943255974
0.0002346092,2.346092,576.0347987342856,894.0948329888478,731.0037637898903,0.0029616041354899605,33.76919499589238,0.9294619581141438,2.533145872310777,374.9999766328286,2.346092,nan,nan,nan,nan,nan,nan,nan,nan,nan,nan,nan,28.314714835908795,68.21532014200235,45.59885920725986,2.1064690011675378
0.0002385194,2.385194,570.1779194856639,878.9968492040448,731.0037637898903,0.002928678299394149,33.15317755136912,0.907914214153526,2.479146168877168,381.2500508355013,2.385194,nan,nan,nan,nan,nan,nan,nan,nan,nan,nan,nan,27.741857808891464,65.93095829217616,45.59885920725986,2.0680428067846237
0.0002424295,2.424295,562.5464843087796,864.3041044951595,713.2036610644427,0.0029271013661764642,33.45798258863367,0.8869985969660145,2.4278318031366455,387.49996519790494,2.424295,nan,nan,nan,nan,nan,nan,nan,nan,nan,nan,nan,27.004216502575638,63.74526081038535,43.405211747314034,2.0362357881479944
0.0002463397,2.463397,556.0395686628793,849.9561983304151,695.4035583389953,0.0029027724969306716,33.79845400788173,0.8667025212075943,2.379053028231629,393.75003940057763,2.463397,nan,nan,nan,nan,nan,nan,nan,nan,nan,nan,nan,26.38311965031728,61.646417354657814,41.26563844521905,2.005619278722064
0.0002502498,2.502498,549.2532914026649,835.885792340014,695.4035583389953,0.0028741669179828642,33.2123188760497,0.8469056084138794,2.3324182582106543,399.99995376298136,2.502498,nan,nan,nan,nan,nan,nan,nan,nan,nan,nan,nan,25.74305518748121,59.62228807414101,41.26563844521905,1.9708376901895093
0.00025416,2.5416000000000003,541.9785536978034,822.3743567315001,677.6034556135477,0.002869472119328854,33.592291137434515,0.827674878904621,2.28799269073729,406.25002796565406,2.5416000000000003,nan,nan,nan,nan,nan,nan,nan,nan,nan,nan,nan,25.065649057919913,57.71037161754527,39.180139300974865,1.9423611779132037
0.0002580701,2.580701,536.0443202783955,809.4327242202468,659.8033528881001,0.0028300414103012354,34.01117442928698,0.8089629623511344,2.245578029798416,412.49994232805767,2.580701,nan,nan,nan,nan,nan,nan,nan,nan,nan,nan,nan,24.51975627517903,55.90829758620018,37.14871431458151,1.9149211607466041
0.0002619803,2.6198029999999997,528.5707956903885,796.6577627144819,659.8033528881001,0.0028275893704004106,33.44868483857324,0.7907154853751394,2.2049734882896903,418.75001653073036,2.6198029999999997,nan,nan,nan,nan,nan,nan,nan,nan,nan,nan,nan,23.840814006221265,54.157466046701195,37.14871431458151,1.883251474591047
0.0002658904,2.6589039999999997,521.9707945893366,783.954381286712,642.0032501626526,0.002799674996816198,33.90923059815377,0.7729922584922543,2.1662385112035274,424.999930893134,2.6589039999999997,nan,nan,nan,nan,nan,nan,nan,nan,nan,nan,nan,23.24915427755059,52.444063515603396,35.171363486039,1.8576757588025075
0.0002698006,2.698006,516.1530139687252,772.1533639708127,642.0032501626526,0.002783690351897634,33.365773214213164,0.7556342702679928,2.1289614321446506,431.2500050958067,2.698006,nan,nan,nan,nan,nan,nan,nan,nan,nan,nan,nan,22.733781774696265,50.87704595466649,35.171363486039,1.8279031101673109
0.0002737108,2.7371079999999997,508.8039596623049,760.4588530399418,624.2031474372051,0.002763124308675519,33.868907306146134,0.7387812061937087,2.0933825573511156,437.5000792984794,2.7371079999999997,nan,nan,nan,nan,nan,nan,nan,nan,nan,nan,nan,22.09101733358786,49.34761773618416,33.24808681534729,1.8040222563424035
0.0002776209,2.776209,502.83286915560114,748.6702116741495,624.2031474372051,0.0027415986354188977,33.342335458427655,0.7223704586721678,2.059308936234364,443.74999366088304,2.776209,nan,nan,nan,nan,nan,nan,nan,nan,nan,nan,nan,21.57555962706763,47.82950196975498,33.24808681534729,1.7759744860302185
0.0002815311,2.815311,496.87663843398957,737.9028097473717,606.4030447117575,0.002722737365379205,33.8895490295174,0.7062495273686619,2.0263771173381784,450.0000678635558,2.815311,nan,nan,nan,nan,nan,nan,nan,nan,nan,nan,nan,21.06744688467151,46.46362392832685,31.37888430250641,1.7536459411525875
0.0002854412,2.854412,490.10008600202275,726.9980272530072,606.4030447117575,0.0027026621709690126,33.37782824730409,0.6906418275940235,1.9949955656230607,456.2499822259594,2.854412,nan,nan,nan,nan,nan,nan,nan,nan,nan,nan,nan,20.49671719498223,45.100485421335655,31.37888430250641,1.7271664777655065
0.0002893514,2.893514,484.58911319436277,716.3586543602139,588.60294198631,0.0026784841549057806,33.971100281025514,0.675380800363822,1.9647810228608795,462.50005642863215,2.893514,nan,nan,nan,nan,nan,nan,nan,nan,nan,nan,nan,20.038354596097864,43.79008371787942,29.563755947516366,1.7062662218229305
0.0002932615,2.932615,478.8498951217785,706.265032017129,588.60294198631,0.002665978558619799,33.47239333294739,0.660415476125901,1.9355963614410054,468.7499707910358,2.932615,nan,nan,nan,nan,nan,nan,nan,nan,nan,nan,nan,19.566517910281974,42.56475718351216,29.563755947516366,1.6812176713475318
0.0002971717,2.971717,472.45916055552664,695.859887478443,570.8028392608626,0.0026281426064976134,34.11415866856524,0.6458745130115336,1.9076545687650532,475.0000449937085,2.971717,nan,nan,nan,nan,nan,nan,nan,nan,nan,nan,nan,19.047733206846992,41.319813870362346,27.80270175037714,1.6616346550681818
0.0003010818,3.0108179999999996,467.224998523481,686.4933453559048,570.8028392608626,0.0026285630045734336,33.62684384432096,0.6317140676891608,1.8808316907039646,481.24995935611213,3.0108179999999996,nan,nan,nan,nan,nan,nan,nan,nan,nan,nan,nan,18.628028519027264,40.214939054408475,27.80270175037714,1.6378984929731482
0.000304992,3.04992,462.0927644432138,676.626169243647,570.8028392608626,0.0025802815354769005,33.154174179843245,0.6177670526339666,1.8547817842818979,487.5000335587849,3.04992,nan,nan,nan,nan,nan,nan,nan,nan,nan,nan,nan,18.2210369187747,39.06720421069658,27.80270175037714,1.6148756682707663
0.0003089021,3.089021,455.8909377292846,667.6748324520217,553.002736535415,0.0025854691241272037,33.84263305440554,0.6041888648187062,1.8297674180577712,493.74994792118844,3.089021,nan,nan,nan,nan,nan,nan,nan,nan,nan,nan,nan,17.735223675253895,38.04037273816063,26.09572171108873,1.5970046363445107
0.0003128123,3.128123,450.76564298999915,658.3212430114372,553.002736535415,0.0025577254713263454,33.37877634112333,0.5910348657165634,1.8058562674833756,500.0000221238612,3.128123,nan,nan,nan,nan,nan,nan,nan,nan,nan,nan,nan,17.338693342066165,36.982008166486644,26.09572171108873,1.5751156385079554
0.0003167224,3.167224,446.47763862604745,649.7752016305291,535.2026338099674,0.002529895868732273,34.12180530194487,0.5780239695073439,1.782512649023216,506.2499364862648,3.167224,nan,nan,nan,nan,nan,nan,nan,nan,nan,nan,nan,17.01038630983521,36.02807157454683,24.442815829651142,1.5583499595907997
0.0003206326,3.206326,440.46890085605185,640.8177857045076,535.2026338099674,0.0025265672707727015,33.66561793104106,0.5653308493430154,1.7600299911711292,512.5000106889376,3.206326,nan,nan,nan,nan,nan,nan,nan,nan,nan,nan,nan,16.555612499648166,35.041594962862824,24.442815829651142,1.5375157872859346
0.0003245427,3.245427,435.29552248596843,632.7366830187133,535.2026338099674,0.002481889126729504,33.22230924578804,0.5530083313778771,1.7384750681974575,518.7499250513412,3.245427,nan,nan,nan,nan,nan,nan,nan,nan,nan,nan,nan,16.16899964221561,34.16337581685426,24.442815829651142,1.517269787238835
0.0003284529,3.284529,430.9438329101288,624.0497299044722,517.40253108452,0.002477681943712819,34.01755700689698,0.5409646408356251,1.7176629911347185,524.9999992540139,3.284529,nan,nan,nan,nan,nan,nan,nan,nan,nan,nan,nan,15.847329633984778,33.2317453001772,22.843984106064397,1.5019186898135832
0.0003323631,3.323631,426.3559134690872,616.4799028928292,517.40253108452,0.0024629884025607653,33.579801500975805,0.5290332275685455,1.6972906213965113,531.2500734566866,3.323631,nan,nan,nan,nan,nan,nan,nan,nan,nan,nan,nan,15.511697734886667,32.4304218554867,22.843984106064397,1.4825912238295178
0.0003362732,3.3627320000000003,420.9725947787903,608.3156705546542,517.40253108452,0.0024108059902186968,33.154193279433834,0.5174504484591101,1.6777446956388482,537.4999878190903,3.3627320000000003,nan,nan,nan,nan,nan,nan,nan,nan,nan,nan,nan,15.122458454867697,31.57713763389461,22.843984106064397,1.463800076001277
0.0003401834,3.401834,416.4269747689951,600.9078257006622,499.6024283590724,0.002418352934670896,34.005149444830856,0.506256555943586,1.659068924147535,543.7500620217629,3.401834,nan,nan,nan,nan,nan,nan,nan,nan,nan,nan,nan,14.797640062199259,30.812750784240595,21.299226540328455,1.4497194978456402
0.0003440935,3.440935,412.51914274722253,593.3420736116141,499.6024283590724,0.002400742156619504,33.58328623466159,0.4951585982566969,1.6407584398510235,549.9999763841666,3.440935,nan,nan,nan,nan,nan,nan,nan,nan,nan,nan,nan,14.521215302577856,30.04173712638926,21.299226540328455,1.4317344770123
0.0003480037,3.4800370000000003,408.0582348296151,585.9113423753881,499.6024283590724,0.002348935637196898,33.17273664129332,0.4842680456751091,1.6229866218976658,556.2500505868393,3.4800370000000003,nan,nan,nan,nan,nan,nan,nan,nan,nan,nan,nan,14.208853766495531,29.293992246449914,21.299226540328455,1.4142317822717814
0.0003519138,3.519138,403.15706476270026,578.9667545385515,481.80232563362483,0.0023543669061231224,34.08395370161975,0.4736531653890785,1.6058499260947234,562.4999649492429,3.519138,nan,nan,nan,nan,nan,nan,nan,nan,nan,nan,nan,13.869579705743762,28.603686154279888,19.808543132443344,1.401308028421891
0.000355824,3.5582399999999996,398.96430865863294,571.5309855453866,481.80232563362483,0.0023409752520481605,33.67564167687927,0.463370399833651,1.589421955026087,568.7500391519155,3.5582399999999996,nan,nan,nan,nan,nan,nan,nan,nan,nan,nan,nan,13.582597849636521,27.873680186436527,19.808543132443344,1.3845209231647084
0.0003597341,3.5973409999999997,395.30345662648404,565.0553390644118,481.80232563362483,0.0022961844672754563,33.27780710507315,0.45327821251919803,1.5734618824192816,574.9999535143193,3.5973409999999997,nan,nan,nan,nan,nan,nan,nan,nan,nan,nan,nan,13.334476654479005,27.245621380030435,19.808543132443344,1.3681645818688568
0.0003636443,3.636443,391.50674356057914,558.2998576686292,464.0022229081773,0.0022836560890475244,34.25475972818704,0.4431829295509167,1.5576572498224466,581.250027716992,3.636443,nan,nan,nan,nan,nan,nan,nan,nan,nan,nan,nan,13.079563345894757,26.598049245454746,18.37193388240906,1.3562999266247049
0.0003675544,3.675544,386.83488258733564,551.4853273033908,464.0022229081773,0.002280519657164189,33.85798558751821,0.43348894163553425,1.5426302925153037,587.4999420793956,3.675544,nan,nan,nan,nan,nan,nan,nan,nan,nan,nan,nan,12.769268244614167,25.95270772866718,18.37193388240906,1.340589854735545
0.0003714646,3.714646,382.80111147328006,545.3939114998531,464.0022229081773,0.002248404443049955,33.47078452815787,0.4240320797696128,1.5281106144342214,593.7500162820684,3.714646,nan,nan,nan,nan,nan,nan,nan,nan,nan,nan,nan,12.504350302008064,25.38255420374813,18.37193388240906,1.325258824170257
0.0003753747,3.753747,379.256956857231,538.9179976342052,446.2021201827298,0.0022000905949413245,34.519820982886685,0.41473177360033664,1.513964600951652,599.999930644472,3.753747,nan,nan,nan,nan,nan,nan,nan,nan,nan,nan,nan,12.273879731398543,24.78335663450303,16.989398790225604,1.3143617618967975
