mode,R,omega,neg_alpha_i
second,240.0,0.15500,-1.177405e-03
second,240.0,0.15881,-1.037990e-03
second,240.0,0.16262,-8.900008e-04
second,240.0,0.16643,-7.471264e-04
second,240.0,0.17024,-6.252412e-04
second,240.0,0.17405,-5.397326e-04
second,240.0,0.17786,-5.031763e-04
second,240.0,0.18167,-5.240473e-04
second,240.0,0.18548,-6.064371e-04
second,240.0,0.18929,-7.503786e-04
second,240.0,0.19310,-9.524129e-04
second,240.0,0.19690,-1.206220e-03
second,240.0,0.20071,-1.503290e-03
second,240.0,0.20452,-1.833673e-03
second,240.0,0.20833,-2.186836e-03
second,240.0,0.21214,-2.552568e-03
second,240.0,0.21595,-2.921806e-03
second,240.0,0.21976,-3.287243e-03
second,240.0,0.22357,-3.643594e-03
second,240.0,0.22738,-3.987549e-03
second,240.0,0.23119,-4.317468e-03
second,240.0,0.23500,-4.632984e-03
second,357.3,0.15500,-1.005785e-03
second,357.3,0.15881,-8.633443e-04
second,357.3,0.16262,-6.749448e-04
second,357.3,0.16643,-4.462458e-04
second,357.3,0.17024,-1.942868e-04
second,357.3,0.17405,5.402058e-05
second,357.3,0.17786,2.686182e-04
second,357.3,0.18167,4.237641e-04
second,357.3,0.18548,5.019097e-04
second,357.3,0.18929,4.938566e-04
second,357.3,0.19310,3.973167e-04
second,357.3,0.19690,2.154726e-04
second,357.3,0.20071,-4.396744e-05
second,357.3,0.20452,-3.693696e-04
second,357.3,0.20833,-7.458260e-04
second,357.3,0.21214,-1.156256e-03
second,357.3,0.21595,-1.583127e-03
second,357.3,0.21976,-2.010546e-03
second,357.3,0.22357,-2.426063e-03
second,357.3,0.22738,-2.821562e-03
second,357.3,0.23119,-3.193070e-03
second,357.3,0.23500,-3.539825e-03
second,474.7,0.15500,-9.413838e-04
second,474.7,0.15881,-8.325148e-04
second,474.7,0.16262,-6.636267e-04
second,474.7,0.16643,-4.251107e-04
second,474.7,0.17024,-1.200829e-04
second,474.7,0.17405,2.266962e-04
second,474.7,0.17786,5.716859e-04
second,474.7,0.18167,8.686960e-04
second,474.7,0.18548,1.083199e-03
second,474.7,0.18929,1.195555e-03
second,474.7,0.19310,1.197695e-03
second,474.7,0.19690,1.089339e-03
second,474.7,0.20071,8.758640e-04
second,474.7,0.20452,5.676820e-04
second,474.7,0.20833,1.803646e-04
second,474.7,0.21214,-2.654243e-04
second,474.7,0.21595,-7.452153e-04
second,474.7,0.21976,-1.233822e-03
second,474.7,0.22357,-1.709526e-03
second,474.7,0.22738,-2.157415e-03
second,474.7,0.23119,-2.570232e-03
second,474.7,0.23500,-2.946905e-03
second,592.0,0.15500,-8.972321e-04
second,592.0,0.15881,-8.235239e-04
second,592.0,0.16262,-6.894457e-04
second,592.0,0.16643,-4.741566e-04
second,592.0,0.17024,-1.623635e-04
second,592.0,0.17405,2.368592e-04
second,592.0,0.17786,6.765322e-04
second,592.0,0.18167,1.089172e-03
second,592.0,0.18548,1.419198e-03
second,592.0,0.18929,1.635222e-03
second,592.0,0.19310,1.724247e-03
second,592.0,0.19690,1.683719e-03
second,592.0,0.20071,1.517179e-03
second,592.0,0.20452,1.233085e-03
second,592.0,0.20833,8.455276e-04
second,592.0,0.21214,3.756046e-04
second,592.0,0.21595,-1.481673e-04
second,592.0,0.21976,-6.924181e-04
second,592.0,0.22357,-1.225166e-03
second,592.0,0.22738,-1.722935e-03
second,592.0,0.23119,-2.174161e-03
second,592.0,0.23500,-2.577472e-03
second,709.3,0.15500,-8.618735e-04
second,709.3,0.15881,-8.171943e-04
second,709.3,0.16262,-7.169962e-04
second,709.3,0.16643,-5.349262e-04
second,709.3,0.17024,-2.407593e-04
second,709.3,0.17405,1.789448e-04
second,709.3,0.17786,6.864496e-04
second,709.3,0.18167,1.195615e-03
second,709.3,0.18548,1.625525e-03
second,709.3,0.18929,1.931285e-03
second,709.3,0.19310,2.095796e-03
second,709.3,0.19690,2.115563e-03
second,709.3,0.20071,1.993262e-03
second,709.3,0.20452,1.735678e-03
second,709.3,0.20833,1.354668e-03
second,709.3,0.21214,8.697505e-04
second,709.3,0.21595,3.107040e-04
second,709.3,0.21976,-2.829673e-04
second,709.3,0.22357,-8.689890e-04
second,709.3,0.22738,-1.413866e-03
second,709.3,0.23119,-1.900639e-03
second,709.3,0.23500,-2.327574e-03
second,826.7,0.15500,-8.322229e-04
second,826.7,0.15881,-8.103325e-04
second,826.7,0.16262,-7.390568e-04
second,826.7,0.16643,-5.904374e-04
second,826.7,0.17024,-3.249254e-04
second,826.7,0.17405,9.345973e-05
second,826.7,0.17786,6.475304e-04
second,826.7,0.18167,1.238693e-03
second,826.7,0.18548,1.756751e-03
second,826.7,0.18929,2.141142e-03
second,826.7,0.19310,2.371356e-03
second,826.7,0.19690,2.444114e-03
second,826.7,0.20071,2.362130e-03
second,826.7,0.20452,2.131071e-03
second,826.7,0.20833,1.760537e-03
second,826.7,0.21214,1.267473e-03
second,826.7,0.21595,6.807949e-04
second,826.7,0.21976,4.382324e-05
second,826.7,0.22357,-5.916249e-04
second,826.7,0.22738,-1.180966e-03
second,826.7,0.23119,-1.700746e-03
second,826.7,0.23500,-2.148748e-03
second,944.0,0.15500,-8.068880e-04
second,944.0,0.15881,-8.028444e-04
second,944.0,0.16262,-7.553594e-04
second,944.0,0.16643,-6.369806e-04
second,944.0,0.17024,-4.036191e-04
second,944.0,0.17405,-7.096883e-07
second,944.0,0.17786,5.826144e-04
second,944.0,0.18167,1.244221e-03
second,944.0,0.18548,1.841482e-03
second,944.0,0.18929,2.295688e-03
second,944.0,0.19310,2.583507e-03
second,944.0,0.19690,2.702825e-03
second,944.0,0.20071,2.657117e-03
second,944.0,0.20452,2.451461e-03
second,944.0,0.20833,2.093485e-03
second,944.0,0.21214,1.597226e-03
second,944.0,0.21595,9.893407e-04
second,944.0,0.21976,3.148019e-04
second,944.0,0.22357,-3.663080e-04
second,944.0,0.22738,-9.976696e-04
second,944.0,0.23119,-1.548263e-03
second,944.0,0.23500,-2.015209e-03
second,1061.3,0.15500,-7.850136e-04
second,1061.3,0.15881,-7.951019e-04
second,1061.3,0.16262,-7.670455e-04
second,1061.3,0.16643,-6.748818e-04
second,1061.3,0.17024,-4.732687e-04
second,1061.3,0.17405,-9.432908e-05
second,1061.3,0.17786,5.040384e-04
second,1061.3,0.18167,1.226493e-03
second,1061.3,0.18548,1.895998e-03
second,1061.3,0.18929,2.412939e-03
second,1061.3,0.19310,2.751690e-03
second,1061.3,0.19690,2.912088e-03
second,1061.3,0.20071,2.898896e-03
second,1061.3,0.20452,2.717049e-03
second,1061.3,0.20833,2.372562e-03
second,1061.3,0.21214,1.876599e-03
second,1061.3,0.21595,1.252764e-03
second,1061.3,0.21976,5.458778e-04
second,1061.3,0.22357,-1.772751e-04
second,1061.3,0.22738,-8.484054e-04
second,1061.3,0.23119,-1.427928e-03
second,1061.3,0.23500,-1.912069e-03
second,1178.7,0.15500,-7.659866e-04
second,1178.7,0.15881,-7.874241e-04
second,1178.7,0.16262,-7.752901e-04
second,1178.7,0.16643,-7.054845e-04
second,1178.7,0.17024,-5.334141e-04
second,1178.7,0.17405,-1.829020e-04
second,1178.7,0.17786,4.189159e-04
second,1178.7,0.18167,1.193942e-03
second,1178.7,0.18548,1.930151e-03
second,1178.7,0.18929,2.504049e-03
second,1178.7,0.19310,2.888199e-03
second,1178.7,0.19690,3.085041e-03
second,1178.7,0.20071,3.101012e-03
second,1178.7,0.20452,2.941234e-03
second,1178.7,0.20833,2.610461e-03
second,1178.7,0.21214,2.117199e-03
second,1178.7,0.21595,1.481637e-03
second,1178.7,0.21976,7.470616e-04
second,1178.7,0.22357,-1.469029e-05
second,1178.7,0.22738,-7.234963e-04
second,1178.7,0.23119,-1.330324e-03
second,1178.7,0.23500,-1.830242e-03
second,1296.0,0.15500,-7.493516e-04
second,1296.0,0.15881,-7.800330e-04
second,1296.0,0.16262,-7.810461e-04
second,1296.0,0.16643,-7.302161e-04
second,1296.0,0.17024,-5.848042e-04
second,1296.0,0.17405,-2.644235e-04
second,1296.0,0.17786,3.315502e-04
second,1296.0,0.18167,1.151780e-03
second,1296.0,0.18548,1.950191e-03
second,1296.0,0.18929,2.576250e-03
second,1296.0,0.19310,3.001169e-03
second,1296.0,0.19690,3.230531e-03
second,1296.0,0.20071,3.272721e-03
second,1296.0,0.20452,3.133291e-03
second,1296.0,0.20833,2.816035e-03
second,1296.0,0.21214,2.327085e-03
second,1296.0,0.21595,1.683140e-03
second,1296.0,0.21976,9.249687e-04
second,1296.0,0.22357,1.278754e-04
second,1296.0,0.22738,-6.166254e-04
second,1296.0,0.23119,-1.249330e-03
second,1296.0,0.23500,-1.763883e-03
second,1413.3,0.15500,-7.347724e-04
second,1413.3,0.15881,-7.730862e-04
second,1413.3,0.16262,-7.850524e-04
second,1413.3,0.16643,-7.503373e-04
second,1413.3,0.17024,-6.285893e-04
second,1413.3,0.17405,-3.382514e-04
second,1413.3,0.17786,2.446300e-04
second,1413.3,0.18167,1.103358e-03
second,1413.3,0.18548,1.960237e-03
second,1413.3,0.18929,2.634415e-03
second,1413.3,0.19310,3.096183e-03
second,1413.3,0.19690,3.354729e-03
second,1413.3,0.20071,3.420569e-03
second,1413.3,0.20452,3.299858e-03
second,1413.3,0.20833,2.995676e-03
second,1413.3,0.21214,2.512082e-03
second,1413.3,0.21595,1.862374e-03
second,1413.3,0.21976,1.084163e-03
second,1413.3,0.22357,2.547968e-04
second,1413.3,0.22738,-5.234734e-04
second,1413.3,0.23119,-1.180731e-03
second,1413.3,0.23500,-1.708961e-03
second,1530.7,0.15500,-7.220024e-04
second,1530.7,0.15881,-7.667028e-04
second,1530.7,0.16262,-7.878840e-04
second,1530.7,0.16643,-7.669041e-04
second,1530.7,0.17024,-6.659836e-04
second,1530.7,0.17405,-4.044983e-04
second,1530.7,0.17786,1.598589e-04
second,1530.7,0.18167,1.050890e-03
second,1530.7,0.18548,1.963086e-03
second,1530.7,0.18929,2.681927e-03
second,1530.7,0.19310,3.177196e-03
second,1530.7,0.19690,3.462070e-03
second,1530.7,0.20071,3.549323e-03
second,1530.7,0.20452,3.445824e-03
second,1530.7,0.20833,3.154145e-03
second,1530.7,0.21214,2.676542e-03
second,1530.7,0.21595,2.023108e-03
second,1530.7,0.21976,1.227915e-03
second,1530.7,0.22357,3.691485e-04
second,1530.7,0.22738,-4.409726e-04
second,1530.7,0.23119,-1.121450e-03
second,1530.7,0.23500,-1.662453e-03
second,1648.0,0.15500,-7.108559e-04
second,1648.0,0.15881,-7.609747e-04
second,1648.0,0.16262,-7.899917e-04
second,1648.0,0.16643,-7.807855e-04
second,1648.0,0.17024,-6.981311e-04
second,1648.0,0.17405,-4.636881e-04
second,1648.0,0.17786,7.830125e-05
second,1648.0,0.18167,9.958787e-04
second,1648.0,0.18548,1.960690e-03
second,1648.0,0.18929,2.721201e-03
second,1648.0,0.19310,3.247082e-03
second,1648.0,0.19690,3.555825e-03
second,1648.0,0.20071,3.662537e-03
second,1648.0,0.20452,3.574880e-03
second,1648.0,0.20833,3.295069e-03
second,1648.0,0.21214,2.823810e-03
second,1648.0,0.21595,2.168216e-03
second,1648.0,0.21976,1.358644e-03
second,1648.0,0.22357,4.731368e-04
second,1648.0,0.22738,-3.669066e-04
second,1648.0,0.23119,-1.069172e-03
second,1648.0,0.23500,-1.621950e-03
second,1765.3,0.15500,-7.011826e-04
second,1765.3,0.15881,-7.559668e-04
second,1765.3,0.16262,-7.917268e-04
second,1765.3,0.16643,-7.926901e-04
second,1765.3,0.17024,-7.260556e-04
second,1765.3,0.17405,-5.165542e-04
second,1765.3,0.17786,5.813743e-07
second,1765.3,0.18167,9.393589e-04
second,1765.3,0.18548,1.954437e-03
second,1765.3,0.18929,2.754000e-03
second,1765.3,0.19310,3.307977e-03
second,1765.3,0.19690,3.638459e-03
second,1765.3,0.20071,3.762923e-03
second,1765.3,0.20452,3.689867e-03
second,1765.3,0.20833,3.421273e-03
second,1765.3,0.21214,2.956508e-03
second,1765.3,0.21595,2.299951e-03
second,1765.3,0.21976,1.478190e-03
second,1765.3,0.22357,5.683577e-04
second,1765.3,0.22738,-2.996963e-04
second,1765.3,0.23119,-1.022174e-03
second,1765.3,0.23500,-1.585516e-03
second,1882.7,0.15500,-6.928482e-04
second,1882.7,0.15881,-7.517128e-04
second,1882.7,0.16262,-7.933537e-04
second,1882.7,0.16643,-8.031862e-04
second,1882.7,0.17024,-7.506455e-04
second,1882.7,0.17405,-5.639161e-04
second,1882.7,0.17786,-7.299530e-05
second,1882.7,0.18167,8.820523e-04
second,1882.7,0.18548,1.945331e-03
second,1882.7,0.18929,2.781631e-03
second,1882.7,0.19310,3.361504e-03
second,1882.7,0.19690,3.711868e-03
second,1882.7,0.20071,3.852584e-03
second,1882.7,0.20452,3.793012e-03
second,1882.7,0.20833,3.534991e-03
second,1882.7,0.21214,3.076736e-03
second,1882.7,0.21595,2.420117e-03
second,1882.7,0.21976,1.587985e-03
second,1882.7,0.22357,6.559665e-04
second,1882.7,0.22738,-2.382705e-04
second,1882.7,0.23119,-9.792644e-04
second,1882.7,0.23500,-1.551695e-03
second,2000.0,0.15500,-6.857205e-04
second,2000.0,0.15881,-7.482122e-04
second,2000.0,0.16262,-7.950579e-04
second,2000.0,0.16643,-8.127164e-04
second,2000.0,0.17024,-7.726502e-04
second,2000.0,0.17405,-6.066009e-04
second,2000.0,0.17786,-1.423619e-04
second,2000.0,0.18167,8.244634e-04
second,2000.0,0.18548,1.934111e-03
second,2000.0,0.18929,2.805087e-03
second,2000.0,0.19310,3.408914e-03
second,2000.0,0.19690,3.777533e-03
second,2000.0,0.20071,3.933182e-03
second,2000.0,0.20452,3.886088e-03
second,2000.0,0.20833,3.638023e-03
second,2000.0,0.21214,3.186195e-03
second,2000.0,0.21595,2.530182e-03
second,2000.0,0.21976,1.689169e-03
second,2000.0,0.22357,7.368007e-04
second,2000.0,0.22738,-1.819644e-04
second,2000.0,0.23119,-9.397452e-04
second,2000.0,0.23500,-1.519558e-03
first,450.0,0.01000,-2.737783e-04
first,450.0,0.01571,3.282579e-04
first,450.0,0.02143,6.031170e-04
first,450.0,0.02714,6.680479e-04
first,450.0,0.03286,6.097649e-04
first,450.0,0.03857,4.974050e-04
first,450.0,0.04429,3.740469e-04
first,450.0,0.05000,2.589574e-04
first,450.0,0.05571,1.998991e-04
first,450.0,0.06143,1.451775e-04
first,450.0,0.06714,9.108420e-05
first,450.0,0.07286,4.034541e-05
first,450.0,0.07857,-6.670709e-06
first,450.0,0.08429,-5.055987e-05
first,450.0,0.09000,-9.212946e-05
first,450.0,0.09571,-1.320831e-04
first,450.0,0.10143,-1.709332e-04
first,450.0,0.10714,-2.090104e-04
first,450.0,0.11286,-2.465056e-04
first,450.0,0.11857,-2.835130e-04
first,450.0,0.12429,-3.200674e-04
first,450.0,0.13000,-3.561708e-04
first,553.3,0.01000,-9.307674e-05
first,553.3,0.01571,4.841770e-04
first,553.3,0.02143,7.170934e-04
first,553.3,0.02714,7.306486e-04
first,553.3,0.03286,6.354991e-04
first,553.3,0.03857,5.101201e-04
first,553.3,0.04429,3.907110e-04
first,553.3,0.05000,2.859794e-04
first,553.3,0.05571,2.098731e-04
first,553.3,0.06143,1.584452e-04
first,553.3,0.06714,1.116922e-04
first,553.3,0.07286,6.942887e-05
first,553.3,0.07857,3.041806e-05
first,553.3,0.08429,-6.565675e-06
first,553.3,0.09000,-4.240983e-05
first,553.3,0.09571,-7.765032e-05
first,553.3,0.10143,-1.125548e-04
first,553.3,0.10714,-1.472158e-04
first,553.3,0.11286,-1.816253e-04
first,553.3,0.11857,-2.157269e-04
first,553.3,0.12429,-2.494483e-04
first,553.3,0.13000,-2.827204e-04
first,656.7,0.01000,3.819762e-05
first,656.7,0.01571,5.948284e-04
first,656.7,0.02143,7.843317e-04
first,656.7,0.02714,7.533077e-04
first,656.7,0.03286,6.367834e-04
first,656.7,0.03857,5.125958e-04
first,656.7,0.04429,4.039035e-04
first,656.7,0.05000,3.099250e-04
first,656.7,0.05571,2.257891e-04
first,656.7,0.06143,1.683125e-04
first,656.7,0.06714,1.292418e-04
first,656.7,0.07286,9.381188e-05
first,656.7,0.07857,6.029046e-05
first,656.7,0.08429,2.754202e-05
first,656.7,0.09000,-5.027725e-06
first,656.7,0.09571,-3.764174e-05
first,656.7,0.10143,-7.030697e-05
first,656.7,0.10714,-1.029248e-04
first,656.7,0.11286,-1.353597e-04
first,656.7,0.11857,-1.674777e-04
first,656.7,0.12429,-1.991641e-04
first,656.7,0.13000,-2.303298e-04
first,760.0,0.01000,1.403516e-04
first,760.0,0.01571,6.762120e-04
first,760.0,0.02143,8.216200e-04
first,760.0,0.02714,7.548750e-04
first,760.0,0.03286,6.300018e-04
first,760.0,0.03857,5.145709e-04
first,760.0,0.04429,4.174767e-04
first,760.0,0.05000,3.318644e-04
first,760.0,0.05571,2.523543e-04
first,760.0,0.06143,1.783453e-04
first,760.0,0.06714,1.455464e-04
first,760.0,0.07286,1.149017e-04
first,760.0,0.07857,8.484080e-05
first,760.0,0.08429,5.460556e-05
first,760.0,0.09000,2.396717e-05
first,760.0,0.09571,-7.018174e-06
first,760.0,0.10143,-3.817168e-05
first,760.0,0.10714,-6.928501e-05
first,760.0,0.11286,-1.001664e-04
first,760.0,0.11857,-1.306585e-04
first,760.0,0.12429,-1.606419e-04
first,760.0,0.13000,-1.900317e-04
first,863.3,0.01000,2.236126e-04
first,863.3,0.01571,7.369684e-04
first,863.3,0.02143,8.390925e-04
first,863.3,0.02714,7.462237e-04
first,863.3,0.03286,6.224084e-04
first,863.3,0.03857,5.185197e-04
first,863.3,0.04429,4.313753e-04
first,863.3,0.05000,3.514536e-04
first,863.3,0.05571,2.744488e-04
first,863.3,0.06143,2.000638e-04
first,863.3,0.06714,1.607816e-04
first,863.3,0.07286,1.332881e-04
first,863.3,0.07857,1.053685e-04
first,863.3,0.08429,7.669198e-05
first,863.3,0.09000,4.734132e-05
first,863.3,0.09571,1.756561e-05
first,863.3,0.10143,-1.235424e-05
first,863.3,0.10714,-4.216650e-05
first,863.3,0.11286,-7.166872e-05
first,863.3,0.11857,-1.007084e-04
first,863.3,0.12429,-1.291758e-04
first,863.3,0.13000,-1.569958e-04
first,966.7,0.01000,2.936623e-04
first,966.7,0.01571,7.823193e-04
first,966.7,0.02143,8.434458e-04
first,966.7,0.02714,7.336079e-04
first,966.7,0.03286,6.167440e-04
first,966.7,0.03857,5.243913e-04
first,966.7,0.04429,4.448697e-04
first,966.7,0.05000,3.684800e-04
first,966.7,0.05571,2.926577e-04
first,966.7,0.06143,2.184958e-04
first,966.7,0.06714,1.749678e-04
first,966.7,0.07286,1.495068e-04
first,966.7,0.07857,1.229595e-04
first,966.7,0.08429,9.536496e-05
first,966.7,0.09000,6.702571e-05
first,966.7,0.09571,3.829806e-05
first,966.7,0.10143,9.501159e-06
first,966.7,0.10714,-1.911032e-05
first,966.7,0.11286,-4.734498e-05
first,966.7,0.11857,-7.506405e-05
first,966.7,0.12429,-1.021696e-04
first,966.7,0.13000,-1.285949e-04
first,1070.0,0.01000,3.539130e-04
first,1070.0,0.01571,8.157239e-04
first,1070.0,0.02143,8.393173e-04
first,1070.0,0.02714,7.204772e-04
first,1070.0,0.03286,6.136482e-04
first,1070.0,0.03857,5.314805e-04
first,1070.0,0.04429,4.573914e-04
first,1070.0,0.05000,3.830148e-04
first,1070.0,0.05571,3.076435e-04
first,1070.0,0.06143,2.334801e-04
first,1070.0,0.06714,1.881796e-04
first,1070.0,0.07286,1.640454e-04
first,1070.0,0.07857,1.384552e-04
first,1070.0,0.08429,1.117231e-04
first,1070.0,0.09000,8.428156e-05
first,1070.0,0.09571,5.652865e-05
first,1070.0,0.10143,2.878278e-05
first,1070.0,0.10714,1.282850e-06
first,1070.0,0.11286,-2.579686e-05
first,1070.0,0.11857,-5.233100e-05
first,1070.0,0.12429,-7.823066e-05
first,1070.0,0.13000,-1.034346e-04
first,1173.3,0.01000,4.065495e-04
first,1173.3,0.01571,8.396502e-04
first,1173.3,0.02143,8.299778e-04
first,1173.3,0.02714,7.085792e-04
first,1173.3,0.03286,6.128860e-04
first,1173.3,0.03857,5.390827e-04
first,1173.3,0.04429,4.686501e-04
first,1173.3,0.05000,3.953093e-04
first,1173.3,0.05571,3.200412e-04
first,1173.3,0.06143,2.458476e-04
first,1173.3,0.06714,2.005147e-04
first,1173.3,0.07286,1.772863e-04
first,1173.3,0.07857,1.524404e-04
first,1173.3,0.08429,1.264699e-04
first,1173.3,0.09000,9.986557e-05
first,1173.3,0.09571,7.302591e-05
first,1173.3,0.10143,4.624982e-05
first,1173.3,0.10714,1.975558e-05
first,1173.3,0.11286,-6.298080e-06
first,1173.3,0.11857,-3.179571e-05
first,1173.3,0.12429,-5.665426e-05
first,1173.3,0.13000,-8.081590e-05
first,1276.7,0.01000,4.530466e-04
first,1276.7,0.01571,8.559620e-04
first,1276.7,0.02143,8.177340e-04
first,1276.7,0.02714,6.986559e-04
first,1276.7,0.03286,6.139395e-04
first,1276.7,0.03857,5.466739e-04
first,1276.7,0.04429,4.785715e-04
first,1276.7,0.05000,4.056897e-04
first,1276.7,0.05571,3.304035e-04
first,1276.7,0.06143,2.562364e-04
first,1276.7,0.06714,2.120555e-04
first,1276.7,0.07286,1.894898e-04
first,1276.7,0.07857,1.652780e-04
first,1276.7,0.08429,1.400099e-04
first,1276.7,0.09000,1.141856e-04
first,1276.7,0.09571,8.818230e-05
first,1276.7,0.10143,6.227420e-05
first,1276.7,0.10714,3.666103e-05
first,1276.7,0.11286,1.149008e-05
first,1276.7,0.11857,-1.312961e-05
first,1276.7,0.12429,-3.711856e-05
first,1276.7,0.13000,-6.042139e-05
first,1380.0,0.01000,4.944452e-04
first,1380.0,0.01571,8.661260e-04
first,1380.0,0.02143,8.041910e-04
first,1380.0,0.02714,6.908836e-04
first,1380.0,0.03286,6.162687e-04
first,1380.0,0.03857,5.539201e-04
first,1380.0,0.04429,4.872158e-04
first,1380.0,0.05000,4.144895e-04
first,1380.0,0.05571,3.391857e-04
first,1380.0,0.06143,2.651275e-04
first,1380.0,0.06714,2.228526e-04
first,1380.0,0.07286,2.008095e-04
first,1380.0,0.07857,1.771650e-04
first,1380.0,0.08429,1.525441e-04
first,1380.0,0.09000,1.274280e-04
first,1380.0,0.09571,1.021645e-04
first,1380.0,0.10143,7.700518e-05
first,1380.0,0.10714,5.213569e-05
first,1380.0,0.11286,2.769589e-05
first,1380.0,0.11857,3.790910e-06
first,1380.0,0.12429,-1.950222e-05
first,1380.0,0.13000,-4.213028e-05
first,1483.3,0.01000,5.315085e-04
first,1483.3,0.01571,8.713296e-04
first,1483.3,0.02143,7.904382e-04
first,1483.3,0.02714,6.851437e-04
first,1483.3,0.03286,6.194119e-04
first,1483.3,0.03857,5.606388e-04
first,1483.3,0.04429,4.947132e-04
first,1483.3,0.05000,4.220138e-04
first,1483.3,0.05571,3.467492e-04
first,1483.3,0.06143,2.728800e-04
first,1483.3,0.06714,2.329265e-04
first,1483.3,0.07286,2.113197e-04
first,1483.3,0.07857,1.881870e-04
first,1483.3,0.08429,1.641479e-04
first,1483.3,0.09000,1.396512e-04
first,1483.3,0.09571,1.150159e-04
first,1483.3,0.10143,9.047571e-05
first,1483.3,0.10714,6.620685e-05
first,1483.3,0.11286,4.234465e-05
first,1483.3,0.11857,1.899174e-05
first,1483.3,0.12429,-3.776922e-06
first,1483.3,0.13000,-2.591040e-05
first,1586.7,0.01000,
first,1586.7,0.01571,8.725518e-04
first,1586.7,0.02143,7.771864e-04
first,1586.7,0.02714,6.811832e-04
first,1586.7,0.03286,6.230104e-04
first,1586.7,0.03857,5.667540e-04
first,1586.7,0.04429,5.012217e-04
first,1586.7,0.05000,4.285248e-04
first,1586.7,0.05571,3.533748e-04
first,1586.7,0.06143,2.797609e-04
first,1586.7,0.06714,2.422755e-04
first,1586.7,0.07286,2.210424e-04
first,1586.7,0.07857,1.983631e-04
first,1586.7,0.08429,1.748275e-04
first,1586.7,0.09000,1.508487e-04
first,1586.7,0.09571,1.267218e-04
first,1586.7,0.10143,1.026676e-04
first,1586.7,0.10714,7.885662e-05
first,1586.7,0.11286,5.542148e-05
first,1586.7,0.11857,3.246287e-05
first,1586.7,0.12429,1.005367e-05
first,1586.7,0.13000,-1.175764e-05
first,1690.0,0.01000,
first,1690.0,0.01571,8.706089e-04
first,1690.0,0.02143,7.648718e-04
first,1690.0,0.02714,6.787063e-04
first,1690.0,0.03286,6.268033e-04
first,1690.0,0.03857,5.722586e-04
first,1690.0,0.04429,5.069007e-04
first,1690.0,0.05000,4.342387e-04
first,1690.0,0.05571,3.592770e-04
first,1690.0,0.06143,2.859684e-04
first,1690.0,0.06714,2.508846e-04
first,1690.0,0.07286,2.299707e-04
first,1690.0,0.07857,2.076786e-04
first,1690.0,0.08429,1.845578e-04
first,1690.0,0.09000,1.609888e-04
first,1690.0,0.09571,1.372482e-04
first,1690.0,0.10143,1.135488e-04
first,1690.0,0.10714,9.005773e-05
first,1690.0,0.11286,6.690574e-05
first,1690.0,0.11857,4.419173e-05
first,1690.0,0.12429,2.198640e-05
first,1690.0,0.13000,3.356583e-07
first,1793.3,0.01000,
first,1793.3,0.01571,8.661854e-04
first,1793.3,0.02143,7.537346e-04
first,1793.3,0.02714,6.774229e-04
first,1793.3,0.03286,6.306103e-04
first,1793.3,0.03857,5.771862e-04
first,1793.3,0.04429,5.118977e-04
first,1793.3,0.05000,4.393282e-04
first,1793.3,0.05571,3.646178e-04
first,1793.3,0.06143,2.916495e-04
first,1793.3,0.06714,2.587338e-04
first,1793.3,0.07286,2.380844e-04
first,1793.3,0.07857,2.161060e-04
first,1793.3,0.08429,1.933058e-04
first,1793.3,0.09000,1.700369e-04
first,1793.3,0.09571,1.465635e-04
first,1793.3,0.10143,1.230933e-04
first,1793.3,0.10714,9.979179e-05
first,1793.3,0.11286,7.678808e-05
first,1793.3,0.11857,5.417925e-05
first,1793.3,0.12429,3.203371e-05
first,1793.3,0.13000,1.039483e-05
first,1896.7,0.01000,
first,1896.7,0.01571,8.598562e-04
first,1896.7,0.02143,7.438784e-04
first,1896.7,0.02714,6.770714e-04
first,1896.7,0.03286,6.343143e-04
first,1896.7,0.03857,5.815922e-04
first,1896.7,0.04429,5.163413e-04
first,1896.7,0.05000,4.439289e-04
first,1896.7,0.05571,3.695186e-04
first,1896.7,0.06143,2.969129e-04
first,1896.7,0.06714,2.658038e-04
first,1896.7,0.07286,2.453613e-04
first,1896.7,0.07857,2.236185e-04
first,1896.7,0.08429,2.010430e-04
first,1896.7,0.09000,1.779675e-04
first,1896.7,0.09571,1.546480e-04
first,1896.7,0.10143,1.312898e-04
first,1896.7,0.10714,1.080569e-04
first,1896.7,0.11286,8.507718e-05
first,1896.7,0.11857,6.244575e-05
first,1896.7,0.12429,4.022871e-05
first,1896.7,0.13000,1.846708e-05
first,2000.0,0.01000,
first,2000.0,0.01571,8.521042e-04
first,2000.0,0.02143,7.353153e-04
first,2000.0,0.02714,6.774277e-04
first,2000.0,0.03286,6.378443e-04
first,2000.0,0.03857,5.855402e-04
first,2000.0,0.04429,5.203399e-04
first,2000.0,0.05000,4.481447e-04
first,2000.0,0.05571,3.740695e-04
first,2000.0,0.06143,3.018388e-04
first,2000.0,0.06714,2.720794e-04
first,2000.0,0.07286,2.517836e-04
first,2000.0,0.07857,2.301965e-04
first,2000.0,0.08429,2.077522e-04
first,2000.0,0.09000,1.847689e-04
first,2000.0,0.09571,1.614982e-04
first,2000.0,0.10143,1.381440e-04
first,2000.0,0.10714,1.148694e-04
first,2000.0,0.11286,9.180072e-05
first,2000.0,0.11857,6.903120e-05
first,2000.0,0.12429,4.662479e-05
first,2000.0,0.13000,2.462033e-05
