frequency_hz,frequency_khz,x0_m,x1_m,x_left_m,x_right_m,x_left_mm,x_right_mm
100000.0,100.0,0.0397,0.997525,0.0397,0.997525,39.699999999999996,997.525
102000.0,102.0,0.037225,0.9703,0.037225,0.9703,37.225,970.3000000000001
104000.0,104.0,0.037225,0.933175,0.037225,0.933175,37.225,933.175
106000.0,106.0,0.037225,0.89605,0.037225,0.89605,37.225,896.0500000000001
108000.0,108.0,0.037225,0.863875,0.037225,0.863875,37.225,863.875
110000.0,110.0,0.03475,0.8317,0.03475,0.8317,34.75,831.7
112000.0,112.0,0.03475,0.802,0.03475,0.802,34.75,802.0
114000.0,114.0,0.03475,0.7723,0.03475,0.7723,34.75,772.3
116000.0,116.0,0.03475,0.745075,0.03475,0.745075,34.75,745.075
118000.0,118.0,0.03475,0.720325,0.03475,0.720325,34.75,720.325
120000.0,120.0,0.03475,0.695575,0.03475,0.695575,34.75,695.575
122000.0,122.0,0.032275,0.6733,0.032275,0.6733,32.275,673.3
124000.0,124.0,0.032275,0.651025,0.032275,0.651025,32.275,651.025
126000.0,126.0,0.032275,0.62875,0.032275,0.62875,32.275,628.75
128000.0,128.0,0.032275,0.60895,0.032275,0.60895,32.275,608.95
130000.0,130.0,0.032275,0.58915,0.032275,0.58915,32.275,589.15
132000.0,132.0,0.032275,0.571825,0.032275,0.571825,32.275,571.825
134000.0,134.0,0.032275,0.5545,0.032275,0.5545,32.275,554.5
136000.0,136.0,0.032275,0.537175,0.032275,0.537175,32.275,537.175
138000.0,138.0,0.032275,0.522325,0.032275,0.522325,32.275,522.325
140000.0,140.0,0.0298,0.507475,0.0298,0.507475,29.8,507.475
142000.0,142.0,0.0298,0.492625,0.0298,0.492625,29.8,492.625
144000.0,144.0,0.0298,0.477775,0.0298,0.477775,29.8,477.775
146000.0,146.0,0.0298,0.4654,0.0298,0.4654,29.8,465.4
148000.0,148.0,0.0298,0.45055,0.0298,0.45055,29.8,450.55
150000.0,150.0,0.0298,0.438175,0.0298,0.438175,29.8,438.17499999999995
152000.0,152.0,0.0298,0.428275,0.0298,0.428275,29.8,428.27500000000003
154000.0,154.0,0.0298,0.4159,0.0298,0.4159,29.8,415.9
156000.0,156.0,0.0298,0.406,0.0298,0.406,29.8,406.0
158000.0,158.0,0.0298,0.393625,0.0298,0.393625,29.8,393.625
160000.0,160.0,0.0298,0.383725,0.0298,0.383725,29.8,383.72499999999997
162000.0,162.0,0.0298,0.373825,0.0298,0.373825,29.8,373.82500000000005
164000.0,164.0,0.0298,0.363925,0.0298,0.363925,29.8,363.925
166000.0,166.0,0.0298,0.3565,0.0298,0.3565,29.8,356.5
168000.0,168.0,0.0298,0.3466,0.0298,0.3466,29.8,346.6
170000.0,170.0,0.0298,0.339175,0.0298,0.339175,29.8,339.175
172000.0,172.0,0.0298,0.33175,0.0298,0.33175,29.8,331.75
174000.0,174.0,0.0298,0.32185,0.0298,0.32185,29.8,321.85
176000.0,176.0,0.0298,0.314425,0.0298,0.314425,29.8,314.425
178000.0,178.0,0.0298,0.307,0.0298,0.307,29.8,307.0
180000.0,180.0,0.0298,0.30205,0.0298,0.30205,29.8,302.05
182000.0,182.0,0.0298,0.294625,0.0298,0.294625,29.8,294.625
184000.0,184.0,0.0298,0.2872,0.0298,0.2872,29.8,287.2
186000.0,186.0,0.0298,0.279775,0.0298,0.279775,29.8,279.775
188000.0,188.0,0.0298,0.274825,0.0298,0.274825,29.8,274.825
190000.0,190.0,0.0298,0.269875,0.0298,0.269875,29.8,269.875
192000.0,192.0,0.0298,0.26245,0.0298,0.26245,29.8,262.45
194000.0,194.0,0.0298,0.2575,0.0298,0.2575,29.8,257.5
196000.0,196.0,0.0298,0.25255,0.0298,0.25255,29.8,252.54999999999998
198000.0,198.0,0.0298,0.2476,0.0298,0.2476,29.8,247.6
200000.0,200.0,0.0298,0.24265,0.0298,0.24265,29.8,242.65
202000.0,202.0,0.0298,0.2377,0.0298,0.2377,29.8,237.7
204000.0,204.0,0.0298,0.23275,0.0298,0.23275,29.8,232.75
206000.0,206.0,0.0298,0.2278,0.0298,0.2278,29.8,227.8
208000.0,208.0,0.0298,0.22285,0.0298,0.22285,29.8,222.85
210000.0,210.0,0.0298,0.2179,0.0298,0.2179,29.8,217.9
212000.0,212.0,0.0298,0.21295,0.0298,0.21295,29.8,212.95
214000.0,214.0,0.0298,0.210475,0.0298,0.210475,29.8,210.475
216000.0,216.0,0.032275,0.205525,0.032275,0.205525,32.275,205.525
218000.0,218.0,0.032275,0.200575,0.032275,0.200575,32.275,200.57500000000002
220000.0,220.0,0.032275,0.1981,0.032275,0.1981,32.275,198.1
222000.0,222.0,0.032275,0.19315,0.032275,0.19315,32.275,193.14999999999998
224000.0,224.0,0.03475,0.190675,0.03475,0.190675,34.75,190.675
226000.0,226.0,0.03475,0.1882,0.03475,0.1882,34.75,188.20000000000002
228000.0,228.0,0.037225,0.18325,0.037225,0.18325,37.225,183.25
230000.0,230.0,0.0397,0.180775,0.0397,0.180775,39.699999999999996,180.77499999999998
232000.0,232.0,0.06445,0.175825,0.06445,0.175825,64.44999999999999,175.82500000000002
234000.0,234.0,0.06445,0.17335,0.06445,0.17335,64.44999999999999,173.35
236000.0,236.0,0.06445,0.170875,0.06445,0.170875,64.44999999999999,170.875
238000.0,238.0,0.061975,0.1684,0.061975,0.1684,61.975,168.4
240000.0,240.0,0.061975,0.165925,0.061975,0.165925,61.975,165.92499999999998
242000.0,242.0,0.061975,0.160975,0.061975,0.160975,61.975,160.975
244000.0,244.0,0.0595,0.1585,0.0595,0.1585,59.5,158.5
246000.0,246.0,0.0595,0.156025,0.0595,0.156025,59.5,156.025
248000.0,248.0,0.0595,0.15355,0.0595,0.15355,59.5,153.54999999999998
250000.0,250.0,0.0595,0.151075,0.0595,0.151075,59.5,151.075
252000.0,252.0,0.057025,0.1486,0.057025,0.1486,57.025,148.60000000000002
254000.0,254.0,0.057025,0.146125,0.057025,0.146125,57.025,146.125
256000.0,256.0,0.057025,0.14365,0.057025,0.14365,57.025,143.65
258000.0,258.0,0.05455,0.141175,0.05455,0.141175,54.550000000000004,141.17499999999998
260000.0,260.0,0.05455,0.1387,0.05455,0.1387,54.550000000000004,138.7
262000.0,262.0,0.05455,0.136225,0.05455,0.136225,54.550000000000004,136.22500000000002
264000.0,264.0,0.052075,0.13375,0.052075,0.13375,52.075,133.75
266000.0,266.0,0.052075,0.13375,0.052075,0.13375,52.075,133.75
268000.0,268.0,0.052075,0.131275,0.052075,0.131275,52.075,131.275
270000.0,270.0,0.052075,0.1288,0.052075,0.1288,52.075,128.8
272000.0,272.0,0.0496,0.126325,0.0496,0.126325,49.6,126.32499999999999
274000.0,274.0,0.0496,0.12385,0.0496,0.12385,49.6,123.85000000000001
276000.0,276.0,0.0496,0.12385,0.0496,0.12385,49.6,123.85000000000001
278000.0,278.0,0.0496,0.121375,0.0496,0.121375,49.6,121.375
280000.0,280.0,0.047125,0.1189,0.047125,0.1189,47.125,118.9
282000.0,282.0,0.047125,0.116425,0.047125,0.116425,47.125,116.425
284000.0,284.0,0.047125,0.116425,0.047125,0.116425,47.125,116.425
286000.0,286.0,0.047125,0.11395,0.047125,0.11395,47.125,113.94999999999999
288000.0,288.0,0.04465,0.111475,0.04465,0.111475,44.650000000000006,111.47500000000001
290000.0,290.0,0.04465,0.111475,0.04465,0.111475,44.650000000000006,111.47500000000001
292000.0,292.0,0.04465,0.109,0.04465,0.109,44.650000000000006,109.0
294000.0,294.0,0.04465,0.106525,0.04465,0.106525,44.650000000000006,106.52499999999999
296000.0,296.0,0.042175,0.106525,0.042175,0.106525,42.175,106.52499999999999
298000.0,298.0,0.042175,0.10405,0.042175,0.10405,42.175,104.05
300000.0,300.0,0.042175,0.10405,0.042175,0.10405,42.175,104.05
302000.0,302.0,0.042175,0.101575,0.042175,0.101575,42.175,101.575
304000.0,304.0,0.042175,0.0991,0.042175,0.0991,42.175,99.1
306000.0,306.0,0.0397,0.0991,0.0397,0.0991,39.699999999999996,99.1
308000.0,308.0,0.0397,0.096625,0.0397,0.096625,39.699999999999996,96.625
310000.0,310.0,0.0397,0.096625,0.0397,0.096625,39.699999999999996,96.625
312000.0,312.0,0.0397,0.09415,0.0397,0.09415,39.699999999999996,94.14999999999999
314000.0,314.0,0.0397,0.09415,0.0397,0.09415,39.699999999999996,94.14999999999999
316000.0,316.0,0.037225,0.091675,0.037225,0.091675,37.225,91.67500000000001
318000.0,318.0,0.037225,0.091675,0.037225,0.091675,37.225,91.67500000000001
320000.0,320.0,0.037225,0.0892,0.037225,0.0892,37.225,89.2
322000.0,322.0,0.037225,0.0892,0.037225,0.0892,37.225,89.2
324000.0,324.0,0.037225,0.086725,0.037225,0.086725,37.225,86.725
326000.0,326.0,0.037225,0.086725,0.037225,0.086725,37.225,86.725
328000.0,328.0,0.03475,0.08425,0.03475,0.08425,34.75,84.25
330000.0,330.0,0.03475,0.08425,0.03475,0.08425,34.75,84.25
332000.0,332.0,0.03475,0.08425,0.03475,0.08425,34.75,84.25
334000.0,334.0,0.03475,0.081775,0.03475,0.081775,34.75,81.775
336000.0,336.0,0.03475,0.081775,0.03475,0.081775,34.75,81.775
338000.0,338.0,0.03475,0.0793,0.03475,0.0793,34.75,79.3
340000.0,340.0,0.032275,0.0793,0.032275,0.0793,32.275,79.3
342000.0,342.0,0.032275,0.076825,0.032275,0.076825,32.275,76.825
344000.0,344.0,0.032275,0.076825,0.032275,0.076825,32.275,76.825
346000.0,346.0,0.032275,0.076825,0.032275,0.076825,32.275,76.825
348000.0,348.0,0.032275,0.07435,0.032275,0.07435,32.275,74.35
350000.0,350.0,0.032275,0.07435,0.032275,0.07435,32.275,74.35
352000.0,352.0,0.032275,0.07435,0.032275,0.07435,32.275,74.35
354000.0,354.0,0.0298,0.071875,0.0298,0.071875,29.8,71.875
356000.0,356.0,0.0298,0.071875,0.0298,0.071875,29.8,71.875
358000.0,358.0,0.0298,0.071875,0.0298,0.071875,29.8,71.875
360000.0,360.0,0.0298,0.0694,0.0298,0.0694,29.8,69.4
362000.0,362.0,0.0298,0.0694,0.0298,0.0694,29.8,69.4
364000.0,364.0,0.0298,0.0694,0.0298,0.0694,29.8,69.4
366000.0,366.0,0.0298,0.066925,0.0298,0.066925,29.8,66.925
368000.0,368.0,0.0298,0.066925,0.0298,0.066925,29.8,66.925
370000.0,370.0,0.027325,0.066925,0.027325,0.066925,27.325,66.925
372000.0,372.0,0.027325,0.06445,0.027325,0.06445,27.325,64.44999999999999
374000.0,374.0,0.027325,0.06445,0.027325,0.06445,27.325,64.44999999999999
376000.0,376.0,0.027325,0.06445,0.027325,0.06445,27.325,64.44999999999999
378000.0,378.0,0.027325,0.061975,0.027325,0.061975,27.325,61.975
380000.0,380.0,0.027325,0.061975,0.027325,0.061975,27.325,61.975
382000.0,382.0,0.027325,0.061975,0.027325,0.061975,27.325,61.975
384000.0,384.0,0.027325,0.061975,0.027325,0.061975,27.325,61.975
386000.0,386.0,0.027325,0.0595,0.027325,0.0595,27.325,59.5
388000.0,388.0,0.02485,0.0595,0.02485,0.0595,24.85,59.5
390000.0,390.0,0.02485,0.0595,0.02485,0.0595,24.85,59.5
392000.0,392.0,0.02485,0.057025,0.02485,0.057025,24.85,57.025
394000.0,394.0,0.02485,0.057025,0.02485,0.057025,24.85,57.025
396000.0,396.0,0.02485,0.057025,0.02485,0.057025,24.85,57.025
398000.0,398.0,0.02485,0.057025,0.02485,0.057025,24.85,57.025
400000.0,400.0,0.02485,0.05455,0.02485,0.05455,24.85,54.550000000000004
402000.0,402.0,0.02485,0.05455,0.02485,0.05455,24.85,54.550000000000004
404000.0,404.0,0.02485,0.05455,0.02485,0.05455,24.85,54.550000000000004
406000.0,406.0,0.02485,0.05455,0.02485,0.05455,24.85,54.550000000000004
408000.0,408.0,0.02485,0.05455,0.02485,0.05455,24.85,54.550000000000004
410000.0,410.0,0.022375,0.052075,0.022375,0.052075,22.375,52.075
412000.0,412.0,0.022375,0.052075,0.022375,0.052075,22.375,52.075
414000.0,414.0,0.022375,0.052075,0.022375,0.052075,22.375,52.075
416000.0,416.0,0.022375,0.052075,0.022375,0.052075,22.375,52.075
418000.0,418.0,0.022375,0.0496,0.022375,0.0496,22.375,49.6
420000.0,420.0,0.022375,0.0496,0.022375,0.0496,22.375,49.6
422000.0,422.0,0.022375,0.0496,0.022375,0.0496,22.375,49.6
424000.0,424.0,0.022375,0.0496,0.022375,0.0496,22.375,49.6
426000.0,426.0,0.022375,0.0496,0.022375,0.0496,22.375,49.6
428000.0,428.0,0.022375,0.047125,0.022375,0.047125,22.375,47.125
430000.0,430.0,0.022375,0.047125,0.022375,0.047125,22.375,47.125
432000.0,432.0,0.022375,0.047125,0.022375,0.047125,22.375,47.125
434000.0,434.0,0.0199,0.047125,0.0199,0.047125,19.900000000000002,47.125
436000.0,436.0,0.0199,0.047125,0.0199,0.047125,19.900000000000002,47.125
438000.0,438.0,0.0199,0.04465,0.0199,0.04465,19.900000000000002,44.650000000000006
440000.0,440.0,0.0199,0.04465,0.0199,0.04465,19.900000000000002,44.650000000000006
442000.0,442.0,0.0199,0.04465,0.0199,0.04465,19.900000000000002,44.650000000000006
444000.0,444.0,0.0199,0.04465,0.0199,0.04465,19.900000000000002,44.650000000000006
446000.0,446.0,0.0199,0.04465,0.0199,0.04465,19.900000000000002,44.650000000000006
448000.0,448.0,0.0199,0.04465,0.0199,0.04465,19.900000000000002,44.650000000000006
450000.0,450.0,0.0199,0.042175,0.0199,0.042175,19.900000000000002,42.175
452000.0,452.0,0.0199,0.042175,0.0199,0.042175,19.900000000000002,42.175
454000.0,454.0,0.0199,0.042175,0.0199,0.042175,19.900000000000002,42.175
456000.0,456.0,0.0199,0.042175,0.0199,0.042175,19.900000000000002,42.175
458000.0,458.0,0.0199,0.042175,0.0199,0.042175,19.900000000000002,42.175
460000.0,460.0,0.0199,0.042175,0.0199,0.042175,19.900000000000002,42.175
462000.0,462.0,0.0199,0.0397,0.0199,0.0397,19.900000000000002,39.699999999999996
464000.0,464.0,0.017425,0.0397,0.017425,0.0397,17.425,39.699999999999996
466000.0,466.0,0.017425,0.0397,0.017425,0.0397,17.425,39.699999999999996
468000.0,468.0,0.017425,0.0397,0.017425,0.0397,17.425,39.699999999999996
470000.0,470.0,0.017425,0.0397,0.017425,0.0397,17.425,39.699999999999996
472000.0,472.0,0.017425,0.0397,0.017425,0.0397,17.425,39.699999999999996
474000.0,474.0,0.017425,0.0397,0.017425,0.0397,17.425,39.699999999999996
476000.0,476.0,0.017425,0.037225,0.017425,0.037225,17.425,37.225
478000.0,478.0,0.017425,0.037225,0.017425,0.037225,17.425,37.225
480000.0,480.0,0.017425,0.037225,0.017425,0.037225,17.425,37.225
482000.0,482.0,0.017425,0.037225,0.017425,0.037225,17.425,37.225
484000.0,484.0,0.017425,0.037225,0.017425,0.037225,17.425,37.225
486000.0,486.0,0.017425,0.037225,0.017425,0.037225,17.425,37.225
488000.0,488.0,0.017425,0.037225,0.017425,0.037225,17.425,37.225
490000.0,490.0,0.017425,0.03475,0.017425,0.03475,17.425,34.75
492000.0,492.0,0.017425,0.03475,0.017425,0.03475,17.425,34.75
494000.0,494.0,0.017425,0.03475,0.017425,0.03475,17.425,34.75
496000.0,496.0,0.017425,0.03475,0.017425,0.03475,17.425,34.75
498000.0,498.0,0.017425,0.03475,0.017425,0.03475,17.425,34.75
500000.0,500.0,0.01495,0.03475,0.01495,0.03475,14.95,34.75
502000.0,502.0,0.01495,0.03475,0.01495,0.03475,14.95,34.75
504000.0,504.0,0.01495,0.03475,0.01495,0.03475,14.95,34.75
506000.0,506.0,0.01495,0.03475,0.01495,0.03475,14.95,34.75
508000.0,508.0,0.01495,0.032275,0.01495,0.032275,14.95,32.275
510000.0,510.0,0.01495,0.032275,0.01495,0.032275,14.95,32.275
512000.0,512.0,0.01495,0.032275,0.01495,0.032275,14.95,32.275
514000.0,514.0,0.01495,0.032275,0.01495,0.032275,14.95,32.275
516000.0,516.0,0.01495,0.032275,0.01495,0.032275,14.95,32.275
518000.0,518.0,0.01495,0.032275,0.01495,0.032275,14.95,32.275
520000.0,520.0,0.01495,0.032275,0.01495,0.032275,14.95,32.275
522000.0,522.0,0.01495,0.032275,0.01495,0.032275,14.95,32.275
524000.0,524.0,0.01495,0.032275,0.01495,0.032275,14.95,32.275
526000.0,526.0,0.01495,0.0298,0.01495,0.0298,14.95,29.8
528000.0,528.0,0.01495,0.0298,0.01495,0.0298,14.95,29.8
530000.0,530.0,0.01495,0.0298,0.01495,0.0298,14.95,29.8
532000.0,532.0,0.01495,0.0298,0.01495,0.0298,14.95,29.8
534000.0,534.0,0.01495,0.0298,0.01495,0.0298,14.95,29.8
536000.0,536.0,0.01495,0.0298,0.01495,0.0298,14.95,29.8
538000.0,538.0,0.01495,0.0298,0.01495,0.0298,14.95,29.8
540000.0,540.0,0.01495,0.0298,0.01495,0.0298,14.95,29.8
542000.0,542.0,0.01495,0.0298,0.01495,0.0298,14.95,29.8
544000.0,544.0,0.01495,0.0298,0.01495,0.0298,14.95,29.8
546000.0,546.0,0.01495,0.027325,0.01495,0.027325,14.95,27.325
548000.0,548.0,0.01495,0.027325,0.01495,0.027325,14.95,27.325
550000.0,550.0,0.01495,0.027325,0.01495,0.027325,14.95,27.325
552000.0,552.0,0.01495,0.027325,0.01495,0.027325,14.95,27.325
554000.0,554.0,0.01495,0.027325,0.01495,0.027325,14.95,27.325
556000.0,556.0,0.01495,0.027325,0.01495,0.027325,14.95,27.325
558000.0,558.0,0.01495,0.027325,0.01495,0.027325,14.95,27.325
560000.0,560.0,0.01495,0.027325,0.01495,0.027325,14.95,27.325
562000.0,562.0,0.01495,0.027325,0.01495,0.027325,14.95,27.325
564000.0,564.0,0.01495,0.027325,0.01495,0.027325,14.95,27.325
566000.0,566.0,0.01495,0.027325,0.01495,0.027325,14.95,27.325
568000.0,568.0,0.01495,0.02485,0.01495,0.02485,14.95,24.85
570000.0,570.0,0.01495,0.02485,0.01495,0.02485,14.95,24.85
572000.0,572.0,0.01495,0.02485,0.01495,0.02485,14.95,24.85
574000.0,574.0,0.01495,0.02485,0.01495,0.02485,14.95,24.85
576000.0,576.0,0.01495,0.02485,0.01495,0.02485,14.95,24.85
578000.0,578.0,0.01495,0.02485,0.01495,0.02485,14.95,24.85
580000.0,580.0,0.01495,0.02485,0.01495,0.02485,14.95,24.85
582000.0,582.0,0.01495,0.02485,0.01495,0.02485,14.95,24.85
584000.0,584.0,0.01495,0.02485,0.01495,0.02485,14.95,24.85
586000.0,586.0,0.01495,0.02485,0.01495,0.02485,14.95,24.85
588000.0,588.0,0.01495,0.02485,0.01495,0.02485,14.95,24.85
590000.0,590.0,0.01495,0.02485,0.01495,0.02485,14.95,24.85
592000.0,592.0,0.01495,0.02485,0.01495,0.02485,14.95,24.85
594000.0,594.0,0.01495,0.022375,0.01495,0.022375,14.95,22.375
596000.0,596.0,0.01495,0.022375,0.01495,0.022375,14.95,22.375
598000.0,598.0,0.01495,0.022375,0.01495,0.022375,14.95,22.375
600000.0,600.0,0.01495,0.022375,0.01495,0.022375,14.95,22.375
