Ma,Re_L,alpha_L,c_i
4,300.000000,0.020000,
4,300.000000,0.027586,-1.44830769e-02
4,300.000000,0.035172,-3.28625779e-02
4,300.000000,0.042759,-1.40114340e-02
4,300.000000,0.050345,-1.41822195e-02
4,300.000000,0.057931,-4.79044678e-03
4,300.000000,0.065517,-2.66222696e-04
4,300.000000,0.073103,-1.14668828e-02
4,300.000000,0.080690,-6.53990938e-03
4,300.000000,0.088276,-3.83665439e-03
4,300.000000,0.095862,-2.13983000e-03
4,300.000000,0.103448,-1.04734504e-03
4,300.000000,0.111034,-3.93387113e-04
4,300.000000,0.118621,-4.21964589e-03
4,300.000000,0.126207,-3.33707037e-03
4,300.000000,0.133793,-2.69669225e-03
4,300.000000,0.141379,-2.24913944e-03
4,300.000000,0.148966,-1.96405663e-03
4,300.000000,0.156552,-1.81557331e-03
4,300.000000,0.164138,-3.87987327e-03
4,300.000000,0.171724,-3.54986732e-03
4,300.000000,0.179310,-3.31239130e-03
4,300.000000,0.186897,-3.15669816e-03
4,300.000000,0.194483,-3.07069121e-03
4,300.000000,0.202069,-3.03998775e-03
4,300.000000,0.209655,-4.43298129e-03
4,300.000000,0.217241,-4.28460023e-03
4,300.000000,0.224828,-4.18364414e-03
4,300.000000,0.232414,-4.12210293e-03
4,300.000000,0.240000,-4.09074793e-03
4,337.485919,0.020000,
4,337.485919,0.027586,-1.45228312e-02
4,337.485919,0.035172,-3.30756190e-02
4,337.485919,0.042759,-1.35686832e-02
4,337.485919,0.050345,-1.24703420e-02
4,337.485919,0.057931,-3.62538299e-03
4,337.485919,0.065517,6.94152001e-04
4,337.485919,0.073103,-1.03988385e-02
4,337.485919,0.080690,-5.77901822e-03
4,337.485919,0.088276,-3.19084510e-03
4,337.485919,0.095862,-1.54924890e-03
4,337.485919,0.103448,-5.05497430e-04
4,337.485919,0.111034,8.77191695e-05
4,337.485919,0.118621,-3.64742357e-03
4,337.485919,0.126207,-2.79391872e-03
4,337.485919,0.133793,-2.18078913e-03
4,337.485919,0.141379,-1.76642306e-03
4,337.485919,0.148966,-1.52290581e-03
4,337.485919,0.156552,-1.42206912e-03
4,337.485919,0.164138,-3.32298643e-03
4,337.485919,0.171724,-3.01763792e-03
4,337.485919,0.179310,-2.80969479e-03
4,337.485919,0.186897,-2.68767320e-03
4,337.485919,0.194483,-2.63658298e-03
4,337.485919,0.202069,-2.63814371e-03
4,337.485919,0.209655,-3.85566436e-03
4,337.485919,0.217241,-3.73420260e-03
4,337.485919,0.224828,-3.66114844e-03
4,337.485919,0.232414,-3.62611150e-03
4,337.485919,0.240000,-3.61762731e-03
4,379.655818,0.020000,
4,379.655818,0.027586,-1.44819460e-02
4,379.655818,0.035172,-3.30828883e-02
4,379.655818,0.042759,-1.31250821e-02
4,379.655818,0.050345,-1.09352484e-02
4,379.655818,0.057931,-2.54547866e-03
4,379.655818,0.065517,1.59382740e-03
4,379.655818,0.073103,-9.43426715e-03
4,379.655818,0.080690,-5.07976544e-03
4,379.655818,0.088276,-2.58646056e-03
4,379.655818,0.095862,-9.92847714e-04
4,379.655818,0.103448,-1.19095618e-07
4,379.655818,0.111034,5.23363719e-04
4,379.655818,0.118621,-3.11703062e-03
4,379.655818,0.126207,-2.28896672e-03
4,379.655818,0.133793,-1.70373496e-03
4,379.655818,0.141379,-1.32694423e-03
4,379.655818,0.148966,-1.13146669e-03
4,379.655818,0.156552,-1.08376178e-03
4,379.655818,0.164138,-2.81336682e-03
4,379.655818,0.171724,-2.53498988e-03
4,379.655818,0.179310,-2.36038283e-03
4,379.655818,0.186897,-2.27568766e-03
4,379.655818,0.194483,-2.26120620e-03
4,379.655818,0.202069,-2.29377650e-03
4,379.655818,0.209655,-3.33920944e-03
4,379.655818,0.217241,-3.24695227e-03
4,379.655818,0.224828,-3.20293780e-03
4,379.655818,0.232414,-3.19365293e-03
4,379.655818,0.240000,-3.20541097e-03
4,427.094976,0.020000,
4,427.094976,0.027586,-1.03881574e-02
4,427.094976,0.035172,-3.29123316e-02
4,427.094976,0.042759,-1.26823058e-02
4,427.094976,0.050345,-9.54655690e-03
4,427.094976,0.057931,-1.53439082e-03
4,427.094976,0.065517,2.43985987e-03
4,427.094976,0.073103,-8.55907092e-03
4,427.094976,0.080690,-4.43255462e-03
4,427.094976,0.088276,-2.01648985e-03
4,427.094976,0.095862,-4.66421129e-04
4,427.094976,0.103448,4.69587025e-04
4,427.094976,0.111034,9.11070690e-04
4,427.094976,0.118621,-2.62262029e-03
4,427.094976,0.126207,-1.81778797e-03
4,427.094976,0.133793,-1.26302755e-03
4,427.094976,0.141379,-9.30325187e-04
4,427.094976,0.148966,-7.90463229e-04
4,427.094976,0.156552,-8.00341775e-04
4,427.094976,0.164138,-2.34711181e-03
4,427.094976,0.171724,-2.09949434e-03
4,427.094976,0.179310,-1.96297348e-03
4,427.094976,0.186897,-1.91895505e-03
4,427.094976,0.194483,-1.94113733e-03
4,427.094976,0.202069,-2.00121406e-03
4,427.094976,0.209655,-2.88030035e-03
4,427.094976,0.217241,-2.81945266e-03
4,427.094976,0.224828,-2.80460928e-03
4,427.094976,0.232414,-2.81878587e-03
4,427.094976,0.240000,-2.84672560e-03
4,480.461801,0.020000,
4,480.461801,0.027586,-6.33169873e-03
4,480.461801,0.035172,-3.25906363e-02
4,480.461801,0.042759,-1.22418548e-02
4,480.461801,0.050345,-8.27884606e-03
4,480.461801,0.057931,-5.78840077e-04
4,480.461801,0.065517,3.23639252e-03
4,480.461801,0.073103,-7.76115349e-03
4,480.461801,0.080690,-3.82903260e-03
4,480.461801,0.088276,-1.47508740e-03
4,480.461801,0.095862,3.28108639e-05
4,480.461801,0.103448,9.02519650e-04
4,480.461801,0.111034,1.24686588e-03
4,480.461801,0.118621,-2.15916831e-03
4,480.461801,0.126207,-1.37699707e-03
4,480.461801,0.133793,-8.57558256e-04
4,480.461801,0.141379,-5.77546645e-04
4,480.461801,0.148966,-5.01041053e-04
4,480.461801,0.156552,-5.70440111e-04
4,480.461801,0.164138,-1.92162277e-03
4,480.461801,0.171724,-1.71003283e-03
4,480.461801,0.179310,-1.61674518e-03
4,480.461801,0.186897,-1.61545633e-03
4,480.461801,0.194483,-1.67187005e-03
4,480.461801,0.202069,-1.75353906e-03
4,480.461801,0.209655,-2.47654260e-03
4,480.461801,0.217241,-2.44851893e-03
4,480.461801,0.224828,-2.46130407e-03
4,480.461801,0.232414,-2.49487141e-03
4,480.461801,0.240000,-2.53377992e-03
4,540.496975,0.020000,
4,540.496975,0.027586,-2.65803569e-03
4,540.496975,0.035172,-3.21422804e-02
4,540.496975,0.042759,-1.18049960e-02
4,540.496975,0.050345,-7.11073544e-03
4,540.496975,0.057931,3.31637309e-04
4,540.496975,0.065517,3.98459776e-03
4,540.496975,0.073103,-7.03005711e-03
4,540.496975,0.080690,-3.26190006e-03
4,540.496975,0.088276,-9.57497811e-04
4,540.496975,0.095862,5.06116812e-04
4,540.496975,0.103448,1.29565496e-03
4,540.496975,0.111034,1.52595829e-03
4,540.496975,0.118621,-1.72246386e-03
4,540.496975,0.126207,-9.64344540e-04
4,540.496975,0.133793,-4.87695240e-04
4,540.496975,0.141379,-2.70644844e-04
4,540.496975,0.148966,-2.63934620e-04
4,540.496975,0.156552,-3.90749383e-04
4,540.496975,0.164138,-1.53566065e-03
4,540.496975,0.171724,-1.36660043e-03
4,540.496975,0.179310,-1.32115495e-03
4,540.496975,0.186897,-1.36221708e-03
4,540.496975,0.194483,-1.44743644e-03
4,540.496975,0.202069,-1.54281990e-03
4,540.496975,0.209655,-2.12599022e-03
4,540.496975,0.217241,-2.13057308e-03
4,540.496975,0.224828,-2.16730439e-03
4,540.496975,0.232414,-2.21460073e-03
4,540.496975,0.240000,-2.25876744e-03
4,608.033727,0.020000,
4,608.033727,0.027586,6.88135043e-04
4,608.033727,0.035172,-3.15891246e-02
4,608.033727,0.042759,-1.13727316e-02
4,608.033727,0.050345,-6.02415682e-03
4,608.033727,0.057931,1.20488506e-03
4,608.033727,0.065517,4.68259480e-03
4,608.033727,0.073103,-6.35667816e-03
4,608.033727,0.080690,-2.72477339e-03
4,608.033727,0.088276,-4.60035887e-04
4,608.033727,0.095862,9.53102238e-04
4,608.033727,0.103448,1.64419115e-03
4,608.033727,0.111034,1.74379663e-03
4,608.033727,0.118621,-1.30915144e-03
4,608.033727,0.126207,-5.78865163e-04
4,608.033727,0.133793,-1.55283918e-04
4,608.033727,0.141379,-1.21413223e-05
4,608.033727,0.148966,-7.84725116e-05
4,608.033727,0.156552,-2.55446222e-04
4,608.033727,0.164138,-1.18932314e-03
4,608.033727,0.171724,-1.06989430e-03
4,608.033727,0.179310,-1.07507442e-03
4,608.033727,0.186897,-1.15470134e-03
4,608.033727,0.194483,-1.26045453e-03
4,608.033727,0.202069,-1.36076996e-03
4,608.033727,0.209655,-1.82651192e-03
4,608.033727,0.217241,-1.86108995e-03
4,608.033727,0.224828,-1.91592828e-03
4,608.033727,0.232414,-1.97037478e-03
4,608.033727,0.240000,-2.01445436e-03
4,684.009404,0.020000,
4,684.009404,0.027586,3.75048799e-03
4,684.009404,0.035172,-3.09503545e-02
4,684.009404,0.042759,-1.09458118e-02
4,684.009404,0.050345,-5.00377816e-03
4,684.009404,0.057931,2.04626026e-03
4,684.009404,0.065517,5.32542302e-03
4,684.009404,0.073103,-5.73304863e-03
4,684.009404,0.080690,-2.21209616e-03
4,684.009404,0.088276,1.98686968e-05
4,684.009404,0.095862,1.37153068e-03
4,684.009404,0.103448,1.94197744e-03
4,684.009404,0.111034,1.89744471e-03
4,684.009404,0.118621,-9.16818598e-04
4,684.009404,0.126207,-2.21044035e-04
4,684.009404,0.133793,1.36535053e-04
4,684.009404,0.141379,1.95825916e-04
4,684.009404,0.148966,5.83721528e-05
4,684.009404,0.156552,-1.56198810e-04
4,684.009404,0.164138,-8.83868921e-04
4,684.009404,0.171724,-8.20649562e-04
4,684.009404,0.179310,-8.75976547e-04
4,684.009404,0.186897,-9.86562420e-04
4,684.009404,0.194483,-1.10268192e-03
4,684.009404,0.202069,-1.19965109e-03
4,684.009404,0.209655,-1.57510128e-03
4,684.009404,0.217241,-1.63429246e-03
4,684.009404,0.224828,-1.69982594e-03
4,684.009404,0.232414,-1.75493813e-03
4,684.009404,0.240000,-1.79474911e-03
4,769.478474,0.020000,-4.50382374e-02
4,769.478474,0.027586,6.56280331e-03
4,769.478474,0.035172,-3.02426330e-02
4,769.478474,0.042759,-1.05247970e-02
4,769.478474,0.050345,-4.03655574e-03
4,769.478474,0.057931,2.85868992e-03
4,769.478474,0.065517,5.90519045e-03
4,769.478474,0.073103,-5.15217015e-03
4,769.478474,0.080690,-1.71909464e-03
4,769.478474,0.088276,4.83556005e-04
4,769.478474,0.095862,1.75719255e-03
4,769.478474,0.103448,2.18232417e-03
4,769.478474,0.111034,1.98708451e-03
4,769.478474,0.118621,-5.44122908e-04
4,769.478474,0.126207,1.07063200e-04
4,769.478474,0.133793,3.83793142e-04
4,769.478474,0.141379,3.52601111e-04
4,769.478474,0.148966,1.52572217e-04
4,769.478474,0.156552,-8.29120752e-05
4,769.478474,0.164138,-6.21313587e-04
4,769.478474,0.171724,-6.18764680e-04
4,769.478474,0.179310,-7.19314161e-04
4,769.478474,0.186897,-8.49940228e-04
4,769.478474,0.194483,-9.65955739e-04
4,769.478474,0.202069,-1.05312234e-03
4,769.478474,0.209655,-1.36732739e-03
4,769.478474,0.217241,-1.44327083e-03
4,769.478474,0.224828,-1.51162719e-03
4,769.478474,0.232414,-1.56204990e-03
4,769.478474,0.240000,-1.59506216e-03
4,865.627167,0.020000,-4.00114803e-02
4,865.627167,0.027586,9.15036746e-03
4,865.627167,0.035172,-2.94803657e-02
4,865.627167,0.042759,-1.01101623e-02
4,865.627167,0.050345,-3.11140081e-03
4,865.627167,0.057931,3.64263850e-03
4,865.627167,0.065517,6.41152713e-03
4,865.627167,0.073103,-4.60788699e-03
4,865.627167,0.080690,-1.24176909e-03
4,865.627167,0.088276,9.30952544e-04
4,865.627167,0.095862,2.10393260e-03
4,865.627167,0.103448,2.35923040e-03
4,865.627167,0.111034,2.01729888e-03
4,865.627167,0.118621,-1.90945726e-04
4,865.627167,0.126207,4.01841524e-04
4,865.627167,0.133793,5.82512646e-04
4,865.627167,0.141379,4.60126974e-04
4,865.627167,0.148966,2.12955528e-04
4,865.627167,0.156552,-2.50948832e-05
4,865.627167,0.164138,-4.03749601e-04
4,865.627167,0.171724,-4.62376578e-04
4,865.627167,0.179310,-5.98373717e-04
4,865.627167,0.186897,-7.36312075e-04
4,865.627167,0.194483,-8.43217015e-04
4,865.627167,0.202069,-9.16764146e-04
4,865.627167,0.209655,-1.19715990e-03
4,865.627167,0.217241,-1.28056192e-03
4,865.627167,0.224828,-1.34472681e-03
4,865.627167,0.232414,-1.38695836e-03
4,865.627167,0.240000,-1.41236588e-03
4,973.789933,0.020000,-3.54936545e-02
4,973.789933,0.027586,1.15311303e-02
4,973.789933,0.035172,-2.86760081e-02
4,973.789933,0.042759,-9.70242013e-03
4,973.789933,0.050345,-2.21895010e-03
4,973.789933,0.057931,4.39599278e-03
4,973.789933,0.065517,6.83244692e-03
4,973.789933,0.073103,-4.09478284e-03
4,973.789933,0.080690,-7.76913281e-04
4,973.789933,0.088276,1.36034093e-03
4,973.789933,0.095862,2.40396389e-03
4,973.789933,0.103448,2.46895139e-03
4,973.789933,0.111034,1.99767646e-03
4,973.789933,0.118621,1.41447122e-04
4,973.789933,0.126207,6.58358900e-04
4,973.789933,0.133793,7.29856421e-04
4,973.789933,0.141379,5.23728514e-04
4,973.789933,0.148966,2.50272918e-04
4,973.789933,0.156552,2.65518392e-05
4,973.789933,0.164138,-2.32412548e-04
4,973.789933,0.171724,-3.47165953e-04
4,973.789933,0.179310,-5.04788419e-04
4,973.789933,0.186897,-6.37656915e-04
4,973.789933,0.194483,-7.29275388e-04
4,973.789933,0.202069,-7.88163787e-04
4,973.789933,0.209655,-1.05732446e-03
4,973.789933,0.217241,-1.13902153e-03
4,973.789933,0.224828,-1.19392631e-03
4,973.789933,0.232414,-1.22654624e-03
4,973.789933,0.240000,-1.24498668e-03
4,1095.467968,0.020000,-3.13965363e-02
4,1095.467968,0.027586,1.37166781e-02
4,1095.467968,0.035172,-2.78403587e-02
4,1095.467968,0.042759,-9.30222453e-03
4,1095.467968,0.050345,-1.35143751e-03
4,1095.467968,0.057931,5.11390431e-03
4,1095.467968,0.065517,7.15566469e-03
4,1095.467968,0.073103,6.35244694e-03
4,1095.467968,0.080690,-3.22157337e-04
4,1095.467968,0.088276,1.76812659e-03
4,1095.467968,0.095862,2.64858503e-03
4,1095.467968,0.103448,2.51167030e-03
4,1095.467968,0.111034,1.94231068e-03
4,1095.467968,0.118621,4.50273116e-04
4,1095.467968,0.126207,8.70935824e-04
4,1095.467968,0.133793,8.25446808e-04
4,1095.467968,0.141379,5.52172119e-04
4,1095.467968,0.148966,2.75588098e-04
4,1095.467968,0.156552,7.88460464e-05
4,1095.467968,0.164138,-1.06633931e-04
4,1095.467968,0.171724,-2.66217981e-04
4,1095.467968,0.179310,-4.29648608e-04
4,1095.467968,0.186897,-5.47534879e-04
4,1095.467968,0.194483,-6.21101432e-04
4,1095.467968,0.202069,-6.66622033e-04
4,1095.467968,0.209655,-9.40142992e-04
4,1095.467968,0.217241,-1.01267727e-03
4,1095.467968,0.224828,-1.05573012e-03
4,1095.467968,0.232414,-1.07915803e-03
4,1095.467968,0.240000,-1.09223391e-03
4,1232.350046,0.020000,-2.76471021e-02
4,1232.350046,0.027586,1.57130903e-02
4,1232.350046,0.035172,-2.69828047e-02
4,1232.350046,0.042759,-8.91043084e-03
4,1232.350046,0.050345,-5.02657509e-04
4,1232.350046,0.057931,5.78867347e-03
4,1232.350046,0.065517,7.37034230e-03
4,1232.350046,0.073103,6.18506156e-03
4,1232.350046,0.080690,1.23962876e-04
4,1232.350046,0.088276,2.14867312e-03
4,1232.350046,0.095862,2.82936377e-03
4,1232.350046,0.103448,2.49286405e-03
4,1232.350046,0.111034,1.86802702e-03
4,1232.350046,0.118621,7.31187972e-04
4,1232.350046,0.126207,1.03409996e-03
4,1232.350046,0.133793,8.72526011e-04
4,1232.350046,0.141379,5.56757224e-04
4,1232.350046,0.148966,2.98480437e-04
4,1232.350046,0.156552,1.35512361e-04
4,1232.350046,0.164138,-2.29620729e-05
4,1232.350046,0.171724,-2.10646746e-04
4,1232.350046,0.179310,-3.64863697e-04
4,1232.350046,0.186897,-4.61728849e-04
4,1232.350046,0.194483,-5.17644512e-04
4,1232.350046,0.202069,-5.52639151e-04
4,1232.350046,0.209655,-8.38581952e-04
4,1232.350046,0.217241,-8.97266348e-04
4,1232.350046,0.224828,-9.28260083e-04
4,1232.350046,0.232414,-9.44220054e-04
4,1232.350046,0.240000,-9.53977551e-04
4,1386.335959,0.020000,-2.41848036e-02
4,1386.335959,0.027586,1.75217572e-02
4,1386.335959,0.035172,-2.61115040e-02
4,1386.335959,0.042759,-8.52809560e-03
4,1386.335959,0.050345,3.31991138e-04
4,1386.335959,0.057931,6.40979400e-03
4,1386.335959,0.065517,7.46916178e-03
4,1386.335959,0.073103,5.95637286e-03
4,1386.335959,0.080690,5.61899918e-04
4,1386.335959,0.088276,2.49430291e-03
4,1386.335959,0.095862,2.93975282e-03
4,1386.335959,0.103448,2.42383133e-03
4,1386.335959,0.111034,1.79165332e-03
4,1386.335959,0.118621,9.78412847e-04
4,1386.335959,0.126207,1.14389579e-03
4,1386.335959,0.133793,8.78510289e-04
4,1386.335959,0.141379,5.49553972e-04
4,1386.335959,0.148966,3.25663670e-04
4,1386.335959,0.156552,1.98030559e-04
4,1386.335959,0.164138,2.51778254e-05
4,1386.335959,0.171724,-1.70902066e-04
4,1386.335959,0.179310,-3.04297377e-04
4,1386.335959,0.186897,-3.78313161e-04
4,1386.335959,0.194483,-4.19330326e-04
4,1386.335959,0.202069,-4.47339635e-04
4,1386.335959,0.209655,-7.47126298e-04
4,1386.335959,0.217241,-7.90328797e-04
4,1386.335959,0.224828,-8.10892263e-04
4,1386.335959,0.232414,-8.21784507e-04
4,1386.335959,0.240000,-8.30254570e-04
4,1559.562883,0.020000,-2.09594292e-02
4,1559.562883,0.027586,1.91402347e-02
4,1559.562883,0.035172,-2.52335082e-02
4,1559.562883,0.042759,-8.15642359e-03
4,1559.562883,0.050345,1.15539779e-03
4,1559.562883,0.057931,6.96428202e-03
4,1559.562883,0.065517,7.45054181e-03
4,1559.562883,0.073103,5.69583962e-03
4,1559.562883,0.080690,9.90940485e-04
4,1559.562883,0.088276,2.79557436e-03
4,1559.562883,0.095862,2.97696130e-03
4,1559.562883,0.103448,2.32089706e-03
4,1559.562883,0.111034,1.72713260e-03
4,1559.562883,0.118621,1.18513810e-03
4,1559.562883,0.126207,1.19937307e-03
4,1559.562883,0.133793,8.54529939e-04
4,1559.562883,0.141379,5.41312278e-04
4,1559.562883,0.148966,3.60421255e-04
4,1559.562883,0.156552,2.64254532e-04
4,1559.562883,0.164138,4.69830028e-05
4,1559.562883,0.171724,-1.38345314e-04
4,1559.562883,0.179310,-2.44319670e-04
4,1559.562883,0.186897,-2.97250277e-04
4,1559.562883,0.194483,-3.27431805e-04
4,1559.562883,0.202069,-3.51945386e-04
4,1559.562883,0.209655,-6.62198561e-04
4,1559.562883,0.217241,-6.90919761e-04
4,1559.562883,0.224828,-7.03769609e-04
4,1559.562883,0.232414,-7.12095293e-04
4,1559.562883,0.240000,-7.20949454e-04
4,1754.435043,0.020000,-1.79294692e-02
4,1754.435043,0.027586,2.05631784e-02
4,1754.435043,0.035172,-2.43548447e-02
4,1754.435043,0.042759,-7.79668054e-03
4,1754.435043,0.050345,1.96858489e-03
4,1754.435043,0.057931,7.43738472e-03
4,1754.435043,0.065517,7.32070442e-03
4,1754.435043,0.073103,5.43475036e-03
4,1754.435043,0.080690,1.40899951e-03
4,1754.435043,0.088276,3.04194121e-03
4,1754.435043,0.095862,2.94372911e-03
4,1754.435043,0.103448,2.20313921e-03
4,1754.435043,0.111034,1.68342769e-03
4,1754.435043,0.118621,1.34430119e-03
4,1754.435043,0.126207,1.20389488e-03
4,1754.435043,0.133793,8.13837379e-04
4,1754.435043,0.141379,5.39761673e-04
4,1754.435043,0.148966,4.38543545e-04
4,1754.435043,0.156552,3.28924408e-04
4,1754.435043,0.164138,5.29182346e-05
4,1754.435043,0.171724,-1.06532116e-04
4,1754.435043,0.179310,-1.50940060e-04
4,1754.435043,0.186897,-2.19735273e-04
4,1754.435043,0.194483,-2.43461758e-04
4,1754.435043,0.202069,-2.67358780e-04
4,1754.435043,0.209655,-5.82072641e-04
4,1754.435043,0.217241,-5.99109794e-04
4,1754.435043,0.224828,-6.07316150e-04
4,1754.435043,0.232414,-6.15231228e-04
4,1754.435043,0.240000,-6.25574761e-04
4,1973.657075,0.020000,-1.50609007e-02
4,1973.657075,0.027586,2.17833590e-02
4,1973.657075,0.035172,-2.34805829e-02
4,1973.657075,0.042759,-7.45009357e-03
4,1973.657075,0.050345,2.77052117e-03
4,1973.657075,0.057931,7.81370777e-03
4,1973.657075,0.065517,7.09513192e-03
4,1973.657075,0.073103,5.20105112e-03
4,1973.657075,0.080690,1.81238034e-03
4,1973.657075,0.088276,3.22286780e-03
4,1973.657075,0.095862,2.84947473e-03
4,1973.657075,0.103448,2.08908358e-03
4,1973.657075,0.111034,1.66381798e-03
4,1973.657075,0.118621,1.44978411e-03
4,1973.657075,0.126207,1.16575891e-03
4,1973.657075,0.133793,7.69454770e-04
4,1973.657075,0.141379,5.48831910e-04
4,1973.657075,0.148966,5.10587413e-04
4,1973.657075,0.156552,3.92562989e-04
4,1973.657075,0.164138,5.28991983e-05
4,1973.657075,0.171724,-5.53354100e-05
4,1973.657075,0.179310,-8.95501340e-05
4,1973.657075,0.186897,-1.47494554e-04
4,1973.657075,0.194483,-1.68672176e-04
4,1973.657075,0.202069,-1.93890203e-04
4,1973.657075,0.209655,-5.06428284e-04
4,1973.657075,0.217241,-5.15439403e-04
4,1973.657075,0.224828,-5.21826878e-04
4,1973.657075,0.232414,-5.30856480e-04
4,1973.657075,0.240000,-5.43168285e-04
4,2220.271572,0.020000,-1.23263019e-02
4,2220.271572,0.027586,2.27927222e-02
4,2220.271572,0.035172,-2.26149064e-02
4,2220.271572,0.042759,-7.11775737e-03
4,2220.271572,0.050345,3.55792161e-03
4,2220.271572,0.057931,8.07873862e-03
4,2220.271572,0.065517,6.79875560e-03
4,2220.271572,0.073103,5.01462508e-03
4,2220.271572,0.080690,2.19554812e-03
4,2220.271572,0.088276,3.32940555e-03
4,2220.271572,0.095862,2.71019794e-03
4,2220.271572,0.103448,1.99338983e-03
4,2220.271572,0.111034,1.66656703e-03
4,2220.271572,0.118621,1.49796134e-03
4,2220.271572,0.126207,1.09764850e-03
4,2220.271572,0.133793,7.31851375e-04
4,2220.271572,0.141379,5.68878692e-04
4,2220.271572,0.148966,5.37452568e-04
4,2220.271572,0.156552,4.50702151e-04
4,2220.271572,0.164138,5.46686263e-05
4,2220.271572,0.171724,4.92215063e-05
4,2220.271572,0.179310,-6.34616658e-05
4,2220.271572,0.186897,-8.21704195e-05
4,2220.271572,0.194483,-1.03704593e-04
4,2220.271572,0.202069,-1.31150517e-04
4,2220.271572,0.209655,-4.35757774e-04
4,2220.271572,0.217241,-4.40436520e-04
4,2220.271572,0.224828,-4.47171570e-04
4,2220.271572,0.232414,-4.58097778e-04
4,2220.271572,0.240000,-4.72310425e-04
4,2497.701306,0.020000,-9.70420236e-03
4,2497.701306,0.027586,2.35834470e-02
4,2497.701306,0.035172,-2.17612020e-02
4,2497.701306,0.042759,-6.80055652e-03
4,2497.701306,0.050345,4.32506411e-03
4,2497.701306,0.057931,8.22069962e-03
4,2497.701306,0.065517,6.46413868e-03
4,2497.701306,0.073103,4.88465197e-03
4,2497.701306,0.080690,2.55099517e-03
4,2497.701306,0.088276,3.35613003e-03
4,2497.701306,0.095862,2.54667752e-03
4,2497.701306,0.103448,1.92466606e-03
4,2497.701306,0.111034,1.68646601e-03
4,2497.701306,0.118621,1.48934948e-03
4,2497.701306,0.126207,1.01474996e-03
4,2497.701306,0.133793,7.07462056e-04
4,2497.701306,0.141379,6.63192970e-04
4,2497.701306,0.148966,5.49525251e-04
4,2497.701306,0.156552,5.01272287e-04
4,2497.701306,0.164138,6.29192223e-05
4,2497.701306,0.171724,1.14615978e-04
4,2497.701306,0.179310,-8.71613575e-06
4,2497.701306,0.186897,-2.48585152e-05
4,2497.701306,0.194483,-4.84183414e-05
4,2497.701306,0.202069,-7.81074235e-05
4,2497.701306,0.209655,-3.70793266e-04
4,2497.701306,0.217241,-3.74253043e-04
4,2497.701306,0.224828,-3.82636614e-04
4,2497.701306,0.232414,-3.95556920e-04
4,2497.701306,0.240000,-4.11242391e-04
4,2809.796735,0.020000,-7.17857879e-03
4,2809.796735,0.027586,2.41489741e-02
4,2809.796735,0.035172,-2.09221692e-02
4,2809.796735,0.042759,-6.49910815e-03
4,2809.796735,0.050345,5.06367252e-03
4,2809.796735,0.057931,8.23264142e-03
4,2809.796735,0.065517,6.12725262e-03
4,2809.796735,0.073103,4.80978887e-03
4,2809.796735,0.080690,2.86930019e-03
4,2809.796735,0.088276,3.30318632e-03
4,2809.796735,0.095862,2.38104979e-03
4,2809.796735,0.103448,1.88502656e-03
4,2809.796735,0.111034,1.71665136e-03
4,2809.796735,0.118621,1.42989658e-03
4,2809.796735,0.126207,9.31960917e-04
4,2809.796735,0.133793,6.98427664e-04
4,2809.796735,0.141379,7.29072720e-04
4,2809.796735,0.148966,5.93457661e-04
4,2809.796735,0.156552,5.43367902e-04
4,2809.796735,0.164138,1.38809784e-04
4,2809.796735,0.171724,1.42039266e-04
4,2809.796735,0.179310,4.13663296e-05
4,2809.796735,0.186897,2.41659229e-05
4,2809.796735,0.194483,-1.90612775e-06
4,2809.796735,0.202069,-3.32688270e-05
4,2809.796735,0.209655,-3.12049316e-04
4,2809.796735,0.217241,-3.16450737e-04
4,2809.796735,0.224828,-3.26919384e-04
4,2809.796735,0.232414,-3.41444076e-04
4,2809.796735,0.240000,-3.58040745e-04
4,3160.889444,0.020000,-4.73841126e-03
4,3160.889444,0.027586,2.44850193e-02
4,3160.889444,0.035172,-2.00999369e-02
4,3160.889444,0.042759,-5.78831143e-03
4,3160.889444,0.050345,5.76293371e-03
4,3160.889444,0.057931,8.11465764e-03
4,3160.889444,0.065517,5.82140697e-03
4,3160.889444,0.073103,4.78068201e-03
4,3160.889444,0.080690,3.13948966e-03
4,3160.889444,0.088276,3.17799228e-03
4,3160.889444,0.095862,2.23266580e-03
4,3160.889444,0.103448,1.87121302e-03
4,3160.889444,0.111034,1.75025533e-03
4,3160.889444,0.118621,1.33129981e-03
4,3160.889444,0.126207,8.61146163e-04
4,3160.889444,0.133793,7.03374969e-04
4,3160.889444,0.141379,7.49382318e-04
4,3160.889444,0.148966,6.30803994e-04
4,3160.889444,0.156552,5.77245997e-04
4,3160.889444,0.164138,2.36434836e-04
4,3160.889444,0.171724,1.36223664e-04
4,3160.889444,0.179310,8.52520112e-05
4,3160.889444,0.186897,6.55121785e-05
4,3160.889444,0.194483,3.73272819e-05
4,3160.889444,0.202069,5.07822103e-06
4,3160.889444,0.209655,-2.59524631e-04
4,3160.889444,0.217241,-2.65956173e-04
4,3160.889444,0.224828,-2.78267536e-04
4,3160.889444,0.232414,-2.93787024e-04
4,3160.889444,0.240000,-3.10793354e-04
4,3555.852262,0.020000,-2.37723693e-03
4,3555.852262,0.027586,2.45906362e-02
4,3555.852262,0.035172,-1.92961755e-02
4,3555.852262,0.042759,-5.03261418e-03
4,3555.852262,0.050345,6.40971901e-03
4,3555.852262,0.057931,7.87600541e-03
4,3555.852262,0.065517,5.57112917e-03
4,3555.852262,0.073103,4.78359243e-03
4,3555.852262,0.080690,3.34979404e-03
4,3555.852262,0.088276,2.99594042e-03
4,3555.852262,0.095862,2.11467927e-03
4,3555.852262,0.103448,1.87658238e-03
4,3555.852262,0.111034,1.78165557e-03
4,3555.852262,0.118621,1.20982690e-03
4,3555.852262,0.126207,8.09436162e-04
4,3555.852262,0.133793,7.18736089e-04
4,3555.852262,0.141379,7.26565166e-04
4,3555.852262,0.148966,6.60941210e-04
4,3555.852262,0.156552,6.04082301e-04
4,3555.852262,0.164138,3.00093386e-04
4,3555.852262,0.171724,1.32770014e-04
4,3555.852262,0.179310,1.22967613e-04
4,3555.852262,0.186897,1.00533739e-04
4,3555.852262,0.194483,7.10893628e-05
4,3555.852262,0.202069,3.86524155e-05
4,3555.852262,0.209655,-2.12585686e-04
4,3555.852262,0.217241,-2.21185533e-04
4,3555.852262,0.224828,-2.34720771e-04
4,3555.852262,0.232414,-2.50653354e-04
4,3555.852262,0.240000,-2.67735701e-04
4,4000.166894,0.020000,-9.26606159e-05
4,4000.166894,0.027586,2.44694415e-02
4,4000.166894,0.035172,-1.85121870e-02
4,4000.166894,0.042759,-4.29476047e-03
4,4000.166894,0.050345,6.98906015e-03
4,4000.166894,0.057931,7.53668604e-03
4,4000.166894,0.065517,5.38830271e-03
4,4000.166894,0.073103,4.80396067e-03
4,4000.166894,0.080690,3.48885173e-03
4,4000.166894,0.088276,2.77936319e-03
4,4000.166894,0.095862,2.03256470e-03
4,4000.166894,0.103448,1.89323505e-03
4,4000.166894,0.111034,1.80722288e-03
4,4000.166894,0.118621,1.08360040e-03
4,4000.166894,0.126207,7.79011604e-04
4,4000.166894,0.133793,8.14923349e-04
4,4000.166894,0.141379,7.25832405e-04
4,4000.166894,0.148966,6.84505515e-04
4,4000.166894,0.156552,6.25583492e-04
4,4000.166894,0.164138,3.28509619e-04
4,4000.166894,0.171724,1.68243797e-04
4,4000.166894,0.179310,1.55438365e-04
4,4000.166894,0.186897,1.31033641e-04
4,4000.166894,0.194483,1.01216202e-04
4,4000.166894,0.202069,6.90369511e-05
4,4000.166894,0.209655,-1.70038820e-04
4,4000.166894,0.217241,-1.80303059e-04
4,4000.166894,0.224828,-1.94383425e-04
4,4000.166894,0.232414,-2.10330621e-04
4,4000.166894,0.240000,-2.27336438e-04
4,4500.000000,0.020000,2.11419004e-03
4,4500.000000,0.027586,2.41311352e-02
4,4500.000000,0.035172,-1.77489666e-02
4,4500.000000,0.042759,-3.57071200e-03
4,4500.000000,0.050345,7.48489019e-03
4,4500.000000,0.057931,7.12767259e-03
4,4500.000000,0.065517,5.27193351e-03
4,4500.000000,0.073103,4.82918692e-03
4,4500.000000,0.080690,3.54735570e-03
4,4500.000000,0.088276,2.55435260e-03
4,4500.000000,0.095862,1.98479696e-03
4,4500.000000,0.103448,1.91381243e-03
4,4500.000000,0.111034,1.82553478e-03
4,4500.000000,0.118621,9.69083892e-04
4,4500.000000,0.126207,7.68101384e-04
4,4500.000000,0.133793,8.83007501e-04
4,4500.000000,0.141379,7.48229801e-04
4,4500.000000,0.148966,7.03050030e-04
4,4500.000000,0.156552,6.43590618e-04
4,4500.000000,0.164138,3.23357647e-04
4,4500.000000,0.171724,2.00037464e-04
4,4500.000000,0.179310,1.84229044e-04
4,4500.000000,0.186897,1.58909503e-04
4,4500.000000,0.194483,1.29355887e-04
4,4500.000000,0.202069,9.76138134e-05
4,4500.000000,0.209655,-1.30364600e-04
4,4500.000000,0.217241,-1.41535394e-04
4,4500.000000,0.224828,-1.55652935e-04
4,4500.000000,0.232414,-1.71438359e-04
4,4500.000000,0.240000,-1.88346518e-04
